Nome da Faixa,Cantor ou Compositor,Gênero,Quadrante,Acousticness,Danceability,Energy,Instrumentalness,Key,Liveness,Loudness,Mode,Speechiness,Tempo,Time Signature,Valence
Bulldog Down in Sunny Tennessee,Charlie Poole,Country; International,Q3,0.96,0.649,0.39,2.6e-06,5,0.096,-12.237,1,0.0417,167.348,4,0.903
Reborn in Blasphemy,Dismember,Electronic; International; Pop/Rock,Q2,8.12e-06,0.246,0.985,0.839,7,0.345,-4.002,1,0.132,114.45,4,0.369
Ultrasonic Meltdown,Curse of the Golden Vampire,Electronic,Q2,0.000195,0.275,0.99,0.654,6,0.263,-2.375,1,0.269,152.62,4,0.141
Last Night,Little Walter,Blues,Q3,0.358,0.458,0.443,0.0,6,0.232,-10.422,0,0.0862,69.028,4,0.45
The Masquerade is Over,George Shearing,Jazz,Q4,0.826,0.522,0.132,0.848,8,0.699,-25.412,1,0.0608,90.675,4,0.539
Little Saint Nick,The Beach Boys,Holiday; Pop/Rock,Q1,0.108,0.602,0.553,0.0,11,0.0512,-9.336,1,0.0328,130.594,4,0.971
I Call It Love,Concrete Blonde,Pop/Rock,Q3,0.196,0.432,0.934,2.9e-05,0,0.492,-5.651,1,0.0892,99.181,4,0.346
All Good,De La Soul,Rap,Q4,0.0127,0.875,0.598,2.3e-06,2,0.021,-5.481,1,0.253,96.863,4,0.793
Rats!Rats!Rats!,Deftones,Pop/Rock,Q2,4.46e-06,0.201,0.929,0.876,4,0.369,-4.603,1,0.0423,82.094,5,0.392
Exodus,Bob Marley & the Wailers,Reggae,Q4,0.0329,0.865,0.746,0.00396,7,0.141,-8.58,1,0.0486,132.846,4,0.961
I Wanna Get Next to You,Rose Royce,R&B; Stage & Screen,Q4,0.835,0.62,0.179,0.03,0,0.0928,-19.981,1,0.0314,130.864,4,0.675
Plan Out,Jah Mason,Reggae,Q3,0.0873,0.584,0.712,0.0,9,0.0533,-5.465,0,0.339,79.349,4,0.771
Get Outta My Life,Rebel Meets Rebel,Pop/Rock; Country,Q2,0.00663,0.349,0.985,5.37e-05,1,0.282,-1.577,1,0.179,100.329,4,0.412
Moment Made for Worshipping,Steven Curtis Chapman,Pop/Rock; Religious; New Age,Q4,0.289,0.248,0.793,0.0,11,0.108,-5.235,1,0.0351,103.426,4,0.224
Let Me Come Back Home,"The ""5"" Royales",R&B; Blues,Q4,0.924,0.419,0.36,0.0,2,0.0354,-10.075,0,0.0348,85.87,4,0.392
Set Yourself On Fire,Stars,Pop/Rock,Q1,0.0483,0.192,0.695,0.422,3,0.148,-7.631,1,0.0451,162.125,4,0.329
Heartland,Client,Electronic; Pop/Rock,Q3,0.00222,0.449,0.779,0.00249,2,0.147,-4.315,0,0.0313,115.012,4,0.482
Jealous Mary,Charlie Poole & the North Carolina Ramblers,Folk; Country; International,Q3,0.976,0.593,0.49,1.74e-05,5,0.2,-4.111,1,0.0325,175.028,4,0.626
When You Smiled At Me,Michael Franks,Vocal; Jazz,Q3,0.386,0.805,0.459,6.15e-05,5,0.11,-9.876,1,0.0329,120.063,4,0.848
Volare (Nel Blu di Pinto di Blu),Dean Martin,Vocal,Q4,0.88,0.612,0.144,0.0,6,0.203,-12.204,0,0.0352,128.629,4,0.343
Scotch & Soda,The Kingston Trio,Folk,Q4,0.144,0.552,0.643,0.0027,9,0.0878,-14.523,1,0.14,136.764,4,0.763
Elan,Secret Garden,Folk; International,Q1,0.194,0.238,0.635,0.0926,6,0.144,-8.86,0,0.0395,92.176,3,0.365
Common Threads,Bobby McFerrin,Children's; Jazz,Q4,0.949,0.125,0.0874,0.126,1,0.0979,-19.878,1,0.0336,53.564,4,0.0543
Take as Needed for Pain,Eyehategod,Pop/Rock,Q2,1.65e-05,0.243,0.756,0.463,0,0.322,-8.064,1,0.0432,130.959,4,0.295
Lord; Lord; Amen!,Lloyd Price,R&B,Q3,0.407,0.493,0.738,0.0,5,0.13,-6.921,1,0.262,176.071,4,0.219
Bronze Dance,Donald Byrd,Jazz,Q1,0.783,0.564,0.434,0.333,8,0.0875,-11.899,1,0.103,96.931,4,0.685
Hermanos,Gipsy Kings,International; Jazz,Q1,0.71,0.628,0.789,0.18,1,0.0792,-8.793,1,0.0431,107.342,4,0.8
Schwindel,Einstürzende Neubauten,Pop/Rock; Electronic,Q3,0.0016,0.618,0.947,0.0817,9,0.402,-6.883,1,0.174,84.084,4,0.667
Station 5: The Pearl,Gatsbys American Dream,Pop/Rock,Q2,0.000191,0.521,0.931,0.0,11,0.354,-5.007,0,0.0319,139.965,4,0.745
Salt Peanuts,Dizzy Gillespie,Jazz,Q1,0.919,0.701,0.393,0.384,5,0.0964,-9.868,1,0.155,75.908,4,0.791
Why Spring Ain't Here,Michael Franks,Vocal; Jazz,Q3,0.349,0.627,0.502,4.72e-05,1,0.148,-13.06,1,0.0688,87.245,4,0.651
Come to Rest,Blindside,Electronic; International; Pop/Rock; Religious,Q2,0.000991,0.486,0.836,0.000343,5,0.0948,-7.073,1,0.0645,125.892,4,0.0725
Body & Soul,Tuck & Patti,Easy Listening; Jazz,Q4,0.0476,0.752,0.764,9.44e-05,1,0.0543,-4.399,1,0.038,121.958,4,0.582
Who Can I Turn To (When Nobody Needs Me),Anthony Newley,Pop/Rock; Vocal; Stage & Screen,Q3,0.893,0.178,0.269,0.000445,0,0.216,-15.792,1,0.033,87.59,4,0.0999
Put 'Em Down Blues,Louis Armstrong,Jazz,Q1,0.924,0.61,0.393,0.0115,7,0.182,-11.365,1,0.134,95.215,4,0.88
Four Strong Winds,John Denver,Country; Easy Listening; Folk; International; Pop/Rock,Q4,0.573,0.497,0.236,3.2e-06,9,0.327,-15.05,1,0.028,93.135,4,0.261
The Love You Save,Alexis Korner,Blues; Pop/Rock,Q3,0.917,0.507,0.164,0.000104,0,0.114,-15.9,1,0.0528,134.464,3,0.281
Let There Be Peace on Earth,Vince Gill,Holiday; Country,Q4,0.792,0.297,0.116,2.75e-06,6,0.11,-14.472,1,0.0325,105.406,3,0.168
Hello Dolly,Harry Connick; Jr.,Jazz; Vocal,Q1,0.418,0.688,0.317,4.16e-05,0,0.226,-11.768,1,0.104,76.706,4,0.544
Cuidado,Vicentico,International; Latin,Q4,0.275,0.689,0.66,0.000155,1,0.1,-9.575,1,0.0444,86.102,4,0.964
30$ Bag,Eyehategod,Pop/Rock,Q2,3.57e-06,0.205,0.72,0.879,5,0.0916,-7.592,1,0.0415,141.859,4,0.454
No Draw No Blood,Lutan Fyah,Reggae,Q2,0.0985,0.82,0.822,0.0,11,0.142,-6.537,0,0.305,96.749,4,0.629
Es War Einmal,Cluster,Avant-Garde; Pop/Rock; Electronic,Q4,0.758,0.643,0.156,0.976,7,0.104,-20.074,1,0.0419,117.372,4,0.314
Where Is the Sun?,Billie Holiday,Jazz; Vocal; Blues,Q3,0.939,0.563,0.17,0.0,10,0.575,-12.284,1,0.0399,81.84,4,0.399
Yerba Mala,Los Dandy's,International; Latin,Q3,0.814,0.586,0.524,0.0,7,0.32,-4.27,1,0.0554,82.198,4,0.55
Dreamland,Bob Marley,Reggae,Q4,0.808,0.377,0.327,0.000261,0,0.116,-13.36,1,0.144,200.481,4,0.455
Pops Rap III...All My Children,Common,Rap,Q4,0.225,0.815,0.523,0.161,4,0.0944,-8.943,0,0.179,91.64,4,0.299
Attesa,Sarah Brightman,Stage & Screen; Pop/Rock,Q4,0.883,0.22,0.432,0.0575,7,0.306,-8.153,1,0.0328,83.276,4,0.121
Break Yourself,Xzibit,Rap,Q2,0.219,0.913,0.778,0.0,0,0.0307,-5.395,0,0.17,116.908,4,0.808
Fiddle-Faddle,Peter Brötzmann,Jazz,Q2,0.188,0.329,0.89,0.102,0,0.143,-12.966,1,0.117,94.854,4,0.208
The Booglie Wooglie Piggy,Glenn Miller,Jazz,Q4,0.957,0.541,0.373,0.00254,5,0.131,-11.133,1,0.0401,143.512,3,0.753
Shoe Box,Barenaked Ladies,Pop/Rock,Q1,0.0115,0.598,0.94,9.66e-06,2,0.143,-2.49,1,0.0604,153.104,4,0.871
Since I Fell for You,Gene Ammons,Jazz; Vocal; Easy Listening,Q3,0.87,0.415,0.385,0.45,5,0.716,-10.932,0,0.0444,209.139,3,0.463
Gentle on My Mind,Aretha Franklin,Electronic; R&B,Q1,0.741,0.506,0.501,0.0,7,0.108,-12.986,0,0.0556,85.617,4,0.618
My Girl,Smokey Robinson,R&B; Pop/Rock,Q4,0.47,0.64,0.502,0.0,0,0.385,-8.904,0,0.0325,85.005,4,0.663
Moog Island,Morcheeba,Electronic,Q4,0.877,0.369,0.242,0.521,4,0.112,-15.121,0,0.0335,109.86,4,0.0699
(I Got Spurs That) Jingle; Jangle; Jingle,Kay Kyser,Jazz; Easy Listening; Vocal,Q1,0.98,0.702,0.226,0.00102,5,0.0653,-13.417,1,0.0457,92.42,4,0.881
No Vacation from the Blues,Travis Tritt,Country,Q3,0.231,0.663,0.768,0.00207,7,0.237,-6.137,1,0.0294,114.093,3,0.545
Choppa Style,Choppa,Rap,Q1,0.245,0.867,0.89,4.46e-06,6,0.236,-4.032,0,0.201,99.998,4,0.503
Jim,Billie Holiday,Blues; Jazz; Vocal,Q3,0.979,0.612,0.126,2.18e-05,0,0.112,-11.875,0,0.0352,84.234,4,0.391
Beware of the Man (With the Candy in His Hand),The Dramatics,R&B,Q2,0.334,0.572,0.735,0.0106,2,0.19,-10.576,0,0.0664,96.711,4,0.647
Mírala Como Se Menea,Oscar D'León,Latin,Q1,0.555,0.826,0.749,0.0,7,0.0787,-6.115,1,0.044,95.171,4,0.956
Lights Over Baghdad,Crucifucks,Pop/Rock,Q2,0.00375,0.326,0.645,0.0,2,0.328,-9.952,1,0.0481,127.28,4,0.135
Misty,Joe Pass,Jazz,Q4,0.994,0.429,0.0211,0.949,8,0.145,-25.943,1,0.0699,73.2,4,0.407
Only Two Can Play,High Contrast,Electronic,Q2,0.00922,0.636,0.985,0.000145,6,0.358,-5.536,0,0.16,172.952,4,0.666
Left Handed Woman,Jimmy Reed,Blues; R&B,Q3,0.573,0.687,0.692,0.000119,9,0.287,-6.755,1,0.0341,99.912,4,0.964
Can You Stand the Rain,New Edition,Electronic; Pop/Rock; R&B,Q4,0.678,0.614,0.369,0.00235,8,0.143,-15.182,1,0.0353,143.319,4,0.733
Shake Your Moneymaker,Elmore James,Blues,Q1,0.705,0.499,0.674,0.000273,2,0.0775,-5.484,1,0.0517,100.741,4,0.627
I Gotta Right to Sing the Blues,Billie Holiday,Jazz; Blues; Vocal,Q3,0.924,0.619,0.213,0.0,7,0.0905,-14.608,1,0.046,108.829,4,0.521
I Lost My Woman,Big Maceo Merriweather,Blues,Q3,0.967,0.575,0.37,0.0102,7,0.133,-15.199,1,0.0346,89.127,4,0.719
Bumpy Weather Over Newark,Raymond Scott,Comedy/Spoken; Stage & Screen; Easy Listening; Pop/Rock; Jazz,Q3,0.918,0.587,0.605,0.915,7,0.664,-11.263,0,0.243,85.553,4,0.642
Château Rouge,Fennesz,Avant-Garde; Electronic; Pop/Rock,Q3,0.873,0.113,0.323,0.969,1,0.105,-15.936,1,0.0386,174.546,3,0.252
Fmlyhm,Seether,Pop/Rock; Stage & Screen,Q2,0.000298,0.371,0.819,1.74e-06,2,0.143,-4.366,1,0.0493,195.959,4,0.305
Cuban Carnival,Stan Kenton,Jazz,Q1,0.611,0.47,0.69,0.258,8,0.0781,-8.217,1,0.204,137.483,4,0.442
It's Not Unusual,Tom Jones,Pop/Rock; Vocal,Q1,0.494,0.384,0.884,2.02e-06,10,0.705,-10.09,1,0.165,102.166,4,0.5
Of Devilish Tongues,...And Oceans,Electronic; International; Pop/Rock,Q2,0.000571,0.233,0.86,0.377,8,0.0268,-7.122,1,0.115,169.983,4,0.164
Worlds Apart,Silverstein,Pop/Rock,Q2,0.0476,0.507,0.747,0.0,1,0.104,-3.854,1,0.0302,129.892,4,0.492
Thanks for the Memory,Rod Stewart,Vocal; Pop/Rock,Q4,0.613,0.436,0.485,0.0,10,0.232,-8.228,1,0.038,96.797,4,0.147
Sound of Music,Percy Faith,Easy Listening; Vocal,Q4,0.929,0.199,0.234,0.926,2,0.456,-18.027,1,0.0347,88.808,4,0.092
Since I Fell for You,Jon Hendricks,Jazz; Vocal,Q3,0.89,0.368,0.136,7.09e-06,10,0.712,-18.567,1,0.0441,185.512,3,0.234
Mi Buen Amor,Gloria Estefan,Latin; Pop/Rock,Q4,0.413,0.614,0.388,0.0,0,0.409,-10.141,1,0.0375,119.935,4,0.595
The Becoming,Little Brother,Rap,Q1,0.363,0.658,0.785,0.0,1,0.306,-6.458,1,0.395,89.465,4,0.904
Tumbao,Cal Tjader,Jazz,Q1,0.849,0.49,0.812,0.902,2,0.0856,-14.642,1,0.0676,123.003,4,0.655
Mandy; Make up Your Mind,Sidney Bechet,Jazz,Q1,0.418,0.308,0.464,2.49e-06,10,0.143,-9.032,1,0.0279,103.734,4,0.318
Discharged Reason,Nuclear Assault,Pop/Rock,Q2,0.000166,0.314,0.994,0.00455,8,0.0388,-6.431,1,0.0923,109.118,4,0.0648
Blues for O.P.,Joe Pass,Jazz,Q4,0.986,0.61,0.0834,0.952,8,0.126,-24.423,0,0.0922,92.67,4,0.857
Long Winter,Ziggy Marley,Reggae,Q3,0.0495,0.672,0.427,0.0,0,0.184,-8.913,1,0.0366,129.981,5,0.854
Certain Gift,The Walkabouts,Pop/Rock,Q3,0.172,0.463,0.289,0.523,4,0.0598,-16.844,1,0.0339,122.92,4,0.406
You Don't Know Me,Apparat,Classical; Electronic,Q3,0.0143,0.409,0.757,0.907,2,0.179,-6.853,0,0.0375,82.407,4,0.23
Trouble in Mind,Cephas & Wiggins,Blues,Q4,0.738,0.618,0.225,0.0,4,0.0965,-12.815,1,0.0382,110.158,4,0.617
No Man Army,The Prodigy,Electronic,Q2,0.00553,0.625,0.99,0.757,4,0.0795,-4.805,0,0.0551,108.2,4,0.226
Get Down off of the Train,The Isley Brothers,R&B,Q1,0.637,0.497,0.604,0.0,2,0.582,-8.092,1,0.0457,84.663,4,0.787
Poison,Maxim,Electronic,Q2,0.719,0.311,0.271,1.04e-05,2,0.185,-10.909,1,0.0284,107.665,3,0.133
Roll 'Em Pete,Jimmy Reed,Blues; R&B,Q3,0.894,0.727,0.235,0.000573,4,0.305,-14.915,1,0.0335,98.266,4,0.845
You Got Me Crying,Jimmy Reed,Blues; R&B,Q3,0.859,0.508,0.487,0.00116,6,0.215,-7.568,0,0.0431,184.946,3,0.632
Stupid; Stupid War,D.R.I.,Pop/Rock,Q2,0.0277,0.92,0.833,0.0,1,0.0596,-3.18,1,0.253,141.034,4,0.645
Simple Things,Jim Brickman,New Age; Pop/Rock,Q4,0.213,0.622,0.596,2.51e-05,0,0.0842,-10.164,1,0.0322,92.009,4,0.618
Authority,Void,Pop/Rock,Q2,0.139,0.229,0.995,0.00483,4,0.358,-5.219,1,0.122,102.446,4,0.144
I Can See Now,Dead Can Dance,Jazz; New Age; Pop/Rock,Q3,0.687,0.193,0.306,3.96e-06,4,0.31,-11.013,0,0.0281,72.357,1,0.183
Back Inside,Obituary,Pop/Rock,Q2,1.31e-05,0.41,0.939,0.00267,2,0.0445,-4.905,1,0.146,131.381,4,0.186
Wheels,Jonathan Edwards,Country; International,Q4,0.42,0.569,0.411,0.000147,5,0.0891,-10.592,1,0.0288,117.562,4,0.551
Mil Besos,María Victoria,International; Latin,Q3,0.272,0.365,0.191,6.74e-06,4,0.0543,-15.322,1,0.0397,85.523,4,0.249
La Bikina,Celia Cruz,Latin,Q1,0.83,0.492,0.58,2.54e-06,5,0.206,-8.169,1,0.0379,125.69,4,0.741
Talk That Talk; Pt. 2,The Rance Allen Group,R&B; Religious,Q2,0.186,0.793,0.512,3.81e-05,0,0.0889,-9.319,1,0.0338,109.994,4,0.0662
El Pescador,Celia Cruz,Latin,Q1,0.863,0.626,0.587,0.000537,10,0.0715,-8.69,1,0.103,158.477,4,0.881
Shisheido,Fennesz,Electronic; Avant-Garde; Pop/Rock; Jazz,Q3,0.807,0.599,0.322,0.792,9,0.0947,-11.877,1,0.0332,119.963,4,0.206
Racetrack Blues,Lightnin' Hopkins,Blues,Q3,0.992,0.537,0.0509,0.188,4,0.122,-21.18,0,0.0468,98.261,4,0.518
Hound Dog,The Jordanaires,Pop/Rock,Q1,0.608,0.351,0.627,5.72e-06,0,0.157,-9.462,1,0.055,95.658,4,0.865
Fourth of July,Mariah Carey,Electronic; R&B; Pop/Rock,Q4,0.598,0.55,0.562,4.24e-06,9,0.067,-7.392,1,0.0464,148.167,4,0.281
The Man That Got Away,Ella Fitzgerald,Jazz; Vocal,Q3,0.93,0.34,0.149,0.0,7,0.203,-15.812,0,0.0316,64.372,4,0.165
Solo; Solo Dire,Gipsy Kings,International; Jazz,Q1,0.0538,0.784,0.486,0.497,5,0.101,-6.497,0,0.0475,110.964,4,0.0894
Ghetto Ties,C-Murder,Rap,Q3,0.0223,0.739,0.71,1.58e-06,1,0.0997,-9.251,1,0.172,144.02,4,0.66
Ghetto Blaster,Rod Stewart,Electronic; Pop/Rock,Q1,0.0125,0.736,0.779,0.475,7,0.056,-10.055,1,0.0381,112.539,4,0.711
Mambo Beat,Tito Puente,Latin; Jazz,Q1,0.562,0.555,0.667,0.00883,2,0.0657,-9.899,1,0.0387,105.88,4,0.725
Ain't Going Down (Til the Sun Comes Up),Garth Brooks,Country,Q1,0.00345,0.595,0.629,3.16e-06,7,0.339,-11.265,1,0.0318,170.035,4,0.863
Deeper and Deeper [Shep's Fierce Deeper Dub],Madonna,Pop/Rock; Electronic,Q1,0.0112,0.767,0.745,0.765,7,0.0513,-10.304,1,0.0425,119.858,4,0.679
A Nigga Witta Gun,Dr. Dre,Rap,Q2,0.037,0.689,0.975,9.56e-06,10,0.35,-2.498,0,0.219,87.284,4,0.521
Mr. Smooth,Michael Franks,Vocal; Jazz,Q3,0.27,0.83,0.428,3.75e-05,10,0.158,-11.39,0,0.0944,94.83,4,0.424
Flint Hill Special,Lester Flatt,Country,Q1,0.58,0.285,0.893,0.609,7,0.317,-11.09,1,0.109,171.493,4,0.906
Broke,D.R.I.,Pop/Rock,Q2,0.00147,0.335,0.942,0.00347,11,0.308,-6.795,0,0.0856,96.674,4,0.301
Nico Lost One Small Buddha,Joe Henry,Pop/Rock; Country,Q2,0.373,0.528,0.666,0.619,4,0.489,-11.384,0,0.0534,98.719,4,0.63
Do You Know the Way to San Jose?,Burt Bacharach,Easy Listening; Pop/Rock; R&B,Q4,0.535,0.568,0.659,0.0,5,0.735,-7.64,1,0.12,76.02,4,0.459
Transit,Fennesz,Avant-Garde; Electronic; Pop/Rock,Q3,0.752,0.311,0.348,0.00958,2,0.0872,-13.707,1,0.0445,132.462,3,0.0873
Big Bad Bill,Spike Jones,Comedy/Spoken; Jazz,Q1,0.966,0.828,0.497,0.0189,0,0.295,-9.214,1,0.088,145.733,4,0.978
The Cat's Dreamin',Clifton Chenier,International,Q3,0.864,0.536,0.335,0.00205,7,0.111,-15.117,1,0.0338,68.477,4,0.951
Red Red,Beenie Man,Reggae,Q1,0.114,0.769,0.858,0.0,7,0.23,-2.572,1,0.101,99.947,4,0.844
The Sheik of Araby,Spike Jones,Jazz; Comedy/Spoken,Q1,0.975,0.674,0.48,0.275,5,0.0804,-12.447,1,0.274,134.965,4,0.949
Is It Because I'm Black?,Ken Boothe,Reggae; R&B,Q3,0.141,0.736,0.442,0.0308,10,0.102,-13.887,0,0.0569,147.054,4,0.945
Chico and the Man,José Feliciano,Vocal; Pop/Rock,Q1,0.717,0.698,0.667,0.0,9,0.141,-7.864,1,0.0492,87.138,4,0.901
The Lily of the Valley,Johnny Cash,Country; Pop/Rock; Religious,Q4,0.93,0.604,0.17,0.0,1,0.107,-12.946,1,0.0577,174.124,3,0.826
Spiritual Garden,Kitaro,New Age; Electronic,Q4,0.827,0.0869,0.31,0.904,0,0.522,-13.125,1,0.0339,167.201,3,0.0684
Television,Baxter,Electronic,Q3,0.0474,0.553,0.778,0.04,8,0.0805,-8.295,0,0.0531,160.124,4,0.49
Searchin' for One Soul,Arrested Development,Folk; International,Q1,0.809,0.325,0.325,3.46e-05,7,0.678,-23.777,1,0.451,92.972,3,0.641
Someone Told My Story,Merle Haggard,Country,Q4,0.695,0.631,0.396,2.65e-06,9,0.258,-11.597,1,0.0298,130.172,4,0.644
Miracle,Céline Dion,Children's; Pop/Rock,Q4,0.849,0.316,0.251,3.77e-06,6,0.108,-11.291,1,0.0356,125.957,4,0.15
Beer Run,Garth Brooks,Country,Q1,0.642,0.473,0.779,0.000368,7,0.0624,-8.945,1,0.0823,156.54,4,0.875
Billie's Blues,Billie Holiday,Jazz; Vocal,Q3,0.975,0.55,0.447,0.806,1,0.82,-12.403,1,0.0773,80.978,4,0.484
Carnal Tomb,Dismember,Electronic; International; Pop/Rock,Q2,7.06e-05,0.16,0.994,0.794,1,0.414,-2.521,1,0.243,96.079,4,0.0792
When Things Go Wrong,Robin Lane & The Chartbusters,Pop/Rock,Q3,0.0118,0.748,0.706,2.22e-05,9,0.101,-10.624,0,0.0327,118.371,4,0.787
My Life,Agnostic Front,Pop/Rock,Q2,0.000142,0.432,0.98,0.00017,1,0.513,-4.348,1,0.135,91.128,4,0.376
Agua de Beber,Antônio Carlos Jobim,Latin; International; Jazz,Q4,0.545,0.659,0.261,0.787,4,0.0768,-20.265,0,0.0437,137.315,4,0.881
Beautiful Boy,Céline Dion,Children's; Pop/Rock,Q4,0.611,0.73,0.45,2.28e-05,7,0.374,-10.72,1,0.0469,111.048,4,0.603
Ecclesiastes,Stevie Wonder,Classical; Religious; Stage & Screen,Q3,0.511,0.111,0.122,0.89,0,0.118,-19.93,0,0.0385,171.021,3,0.124
Keep Hope Alive,Graham Coxon,Pop/Rock,Q3,0.884,0.475,0.233,0.854,4,0.0975,-19.362,0,0.0313,85.132,4,0.261
Just Because,Paul McCartney,Electronic; Pop/Rock,Q1,0.00105,0.441,0.644,0.000181,0,0.459,-11.4,1,0.0373,113.663,4,0.756
Sobremesa,Juan Luis Guerra,Latin; Pop/Rock,Q3,0.89,0.285,0.26,0.000485,9,0.149,-10.901,0,0.035,115.684,4,0.162
Angelitos Negros,Roberta Flack,R&B; Classical; Folk,Q3,0.862,0.335,0.141,0.00495,4,0.108,-17.09,0,0.0373,141.387,4,0.0858
Lost in Tha System,Da Lench Mob,Rap,Q2,0.0362,0.819,0.781,0.0,10,0.473,-10.161,0,0.205,97.734,4,0.668
The Shallow Sky,Controlled Bleeding,Pop/Rock; Electronic,Q3,0.54,0.464,0.387,0.915,10,0.0854,-15.785,0,0.0401,110.776,4,0.0916
Redneck Stomp,Obituary,Pop/Rock,Q2,0.000256,0.245,0.861,0.871,2,0.216,-8.728,1,0.0415,91.056,4,0.483
Everybody Wants the Same Thing,Scissor Sisters,Electronic; Pop/Rock,Q1,0.0525,0.695,0.748,0.0,7,0.338,-4.236,1,0.025,107.04,4,0.704
One; Two; Button Your Shoe,Billie Holiday,Blues; Jazz; Vocal,Q1,0.00776,0.792,0.625,0.0018,1,0.329,-5.609,1,0.0536,103.967,4,0.37
White Synthetic Noise,...And Oceans,Electronic; International; Pop/Rock,Q2,2.94e-05,0.182,0.754,0.838,1,0.186,-6.469,1,0.0735,115.772,4,0.184
Ecstasy,Tito Puente,Latin; Jazz,Q1,0.209,0.494,0.453,0.797,10,0.0567,-12.166,1,0.0374,121.303,4,0.887
Someday at Christmas,The Jackson 5,Holiday; R&B,Q1,0.394,0.584,0.624,0.0,0,0.148,-7.078,1,0.0327,111.937,4,0.69
Nothing,Pennywise,Electronic; Pop/Rock,Q2,0.000188,0.426,0.974,0.000299,6,0.293,-3.853,0,0.0832,175.029,4,0.681
I Know,John Gorka,Folk; Country,Q4,0.914,0.601,0.0557,1.05e-05,0,0.101,-18.226,0,0.0368,137.386,5,0.206
Fast Money Music,Suicide,Avant-Garde; Pop/Rock,Q2,0.0181,0.597,0.867,0.141,10,0.0768,-12.844,0,0.0416,107.109,4,0.638
Big Mouth,Gorilla Biscuits,Pop/Rock,Q2,2.02e-05,0.429,0.701,0.00127,1,0.0374,-11.364,0,0.0523,112.97,5,0.501
Hope Scope,David Murray Octet,Jazz,Q2,0.485,0.38,0.548,0.629,2,0.134,-13.715,1,0.224,75.505,4,0.358
Dead and Gone,Motörhead,Pop/Rock,Q3,0.761,0.537,0.717,0.000192,8,0.0771,-5.477,0,0.0323,102.639,4,0.61
What Should I Do,Fabolous,Rap,Q3,0.0195,0.603,0.638,0.0,1,0.0618,-6.066,1,0.0547,83.986,4,0.292
The Lord's Prayer,Larry Carlton,Jazz,Q4,0.935,0.397,0.0287,0.306,4,0.111,-28.002,1,0.0618,79.981,4,0.115
I Didn't Mean to Turn You On,Cherrelle,R&B; Pop/Rock,Q1,0.0629,0.771,0.824,0.0318,9,0.787,-10.088,1,0.057,120.247,4,0.746
A Year in a Minute,Fennesz,Electronic; Avant-Garde; Pop/Rock; Jazz,Q3,0.728,0.218,0.638,0.827,3,0.166,-9.283,0,0.0382,115.33,3,0.256
I Wish I Liked You (As Much as I Love You),Marvin Gaye,R&B,Q3,0.166,0.501,0.466,0.00186,5,0.178,-10.662,1,0.0274,77.206,4,0.726
Ballad of the Sad Young Men,Roberta Flack,R&B; Jazz,Q3,0.905,0.216,0.101,0.0145,10,0.144,-16.689,1,0.037,77.667,3,0.158
Absence of the Heart,Deana Carter,Country; Pop/Rock,Q3,0.726,0.593,0.305,1.43e-05,6,0.099,-10.657,1,0.0245,85.017,4,0.115
Prevails,Still Breathing,Electronic; Pop/Rock,Q2,6.4e-06,0.451,0.959,0.303,9,0.351,-4.183,1,0.166,113.006,4,0.0991
Brahms' Lullaby,Kenny G,Holiday; Jazz,Q4,0.954,0.254,0.188,0.296,3,0.142,-13.29,1,0.0366,139.813,4,0.147
All Fall Down,Against All Authority,Pop/Rock,Q2,0.00816,0.322,0.987,0.163,11,0.104,-2.711,0,0.0585,89.016,4,0.794
Modulation,Ani DiFranco,Folk; Pop/Rock,Q3,0.673,0.677,0.445,0.215,7,0.14,-10.892,0,0.0311,81.208,4,0.524
Love Fool,Taxi,Electronic; International,Q3,0.766,0.654,0.583,0.0308,10,0.0844,-12.617,0,0.0573,92.152,4,0.572
You Turned the Tables on Me,Ella Fitzgerald,Jazz; Vocal,Q3,0.815,0.476,0.281,0.0,0,0.0894,-10.959,1,0.0586,96.218,4,0.44
Underground Authority,Within Reach,Electronic; International; Pop/Rock,Q2,4.79e-06,0.434,0.988,0.908,7,0.153,-4.698,1,0.156,106.621,4,0.48
Ode to a Butterfly,Nickel Creek,Country,Q1,0.103,0.361,0.707,0.362,9,0.361,-8.796,1,0.0303,138.843,4,0.557
I Like,The Isley Brothers,R&B,Q1,0.167,0.586,0.766,0.0,9,0.156,-6.674,0,0.0732,133.187,5,0.759
Pyramids,Kraut,Pop/Rock,Q2,4.27e-06,0.332,0.91,0.000419,11,0.0869,-11.177,0,0.0614,118.621,4,0.345
Come Together,Third Day,Religious,Q1,0.114,0.451,0.913,7.31e-05,0,0.147,-5.348,1,0.055,97.93,4,0.501
Wade in the Water,Eva Cassidy,Pop/Rock,Q4,0.701,0.648,0.375,2.44e-06,10,0.0998,-10.823,0,0.033,112.668,4,0.612
2000 Watts,Michael Jackson,Pop/Rock,Q1,0.0094,0.763,0.742,0.0116,0,0.0672,-3.113,1,0.155,90.503,4,0.242
For the First Time,Kenny Chesney,Country,Q4,0.089,0.539,0.775,3.7e-05,7,0.071,-7.43,1,0.0378,81.8,4,0.339
Mortuary Love Affair,Pungent Stench,International; Pop/Rock,Q2,1.03e-05,0.257,0.921,0.00694,2,0.144,-5.722,1,0.101,111.425,3,0.193
Kill Yuh,Sizzla Kalonji,Reggae,Q2,0.0398,0.659,0.834,0.0,1,0.0908,-6.08,1,0.112,111.76,4,0.53
Front Line,Stevie Wonder,R&B,Q1,0.0114,0.673,0.736,0.0101,1,0.354,-9.362,1,0.0418,88.383,4,0.944
It Won't Be Long (And I'll Be Hating You),Johnny Paycheck,Country,Q3,0.426,0.698,0.37,3.93e-05,2,0.157,-13.97,1,0.0359,109.588,4,0.455
The Point of It All,Fennesz,Avant-Garde; Electronic; Pop/Rock,Q3,0.848,0.204,0.331,0.955,7,0.148,-15.755,0,0.0385,86.632,3,0.0503
Blume,Einstürzende Neubauten,Pop/Rock; Electronic,Q3,0.677,0.508,0.0373,6.64e-05,1,0.11,-22.327,1,0.0574,118.36,1,0.0502
Como Ayer,Gipsy Kings,International; Jazz,Q1,0.804,0.633,0.553,0.000866,0,0.139,-8.851,1,0.0376,87.608,4,0.738
Pavanne (The Lamp Is Low),Erroll Garner,Classical; Jazz,Q4,0.882,0.6,0.212,0.166,3,0.153,-16.56,1,0.0446,110.022,4,0.589
Postfuturistika,...And Oceans,Electronic; International; Pop/Rock,Q2,1.32e-05,0.188,0.874,0.0997,9,0.178,-6.121,1,0.0606,119.739,3,0.0775
White Lines (Don't Don't Do It),Grandmaster Flash,Rap,Q2,0.0137,0.864,0.705,0.00263,0,0.187,-8.874,1,0.057,115.169,4,0.878
Silver Bells,Kenny G,Holiday; Jazz,Q4,0.146,0.362,0.501,0.841,5,0.528,-9.87,1,0.0378,137.548,3,0.577
Expresso 2222,Gilberto Gil,International,Q1,0.605,0.79,0.459,0.0,0,0.111,-12.183,1,0.0709,111.464,4,0.962
Firestorms,Demonoid,Electronic; International; Pop/Rock,Q2,5.52e-06,0.503,0.978,0.913,8,0.71,-4.55,1,0.157,110.028,4,0.32
Persian Love Song,Dead Can Dance,Jazz; New Age; Pop/Rock,Q3,0.963,0.146,0.355,0.000195,7,0.725,-13.025,1,0.119,185.465,4,0.093
Vice,Grandmaster Flash,Rap,Q2,0.0259,0.787,0.926,3.91e-06,0,0.0371,-7.416,1,0.0889,95.117,4,0.741
Memories of Mother,Ricky Skaggs,Country; Religious,Q4,0.778,0.603,0.259,7.12e-05,5,0.12,-11.523,1,0.0484,201.525,4,0.145
Where Did You Go,Eliane Elias,Easy Listening; International; Jazz,Q4,0.948,0.433,0.255,0.935,1,0.112,-18.272,1,0.0299,73.542,4,0.142
Soy Loco por Ti América,Caetano Veloso,International,Q1,0.138,0.65,0.582,0.0,2,0.0621,-6.22,1,0.207,95.542,4,0.684
Ain't No Need of Cryin',Clifton Chenier,International; Blues; R&B,Q3,0.812,0.502,0.448,9.28e-05,8,0.0886,-11.517,1,0.0442,113.307,3,0.697
Conga,Miami Sound Machine,Electronic; Pop/Rock; Latin,Q1,0.168,0.789,0.656,0.0409,2,0.0311,-14.825,1,0.0474,122.237,4,0.865
Suppertime,Ella Fitzgerald,Jazz; Vocal,Q3,0.876,0.241,0.272,0.00477,0,0.612,-14.076,1,0.0419,86.37,4,0.151
Breakdown,Handsome Boy Modeling School,Pop/Rock; Rap,Q4,0.395,0.748,0.645,0.0173,0,0.134,-5.843,1,0.0842,80.528,4,0.498
The Lady of Shalott,Momus,Pop/Rock,Q3,0.32,0.668,0.466,0.0619,8,0.11,-9.428,1,0.0383,104.033,4,0.191
Gilla House Check,Redman,Rap,Q2,0.0496,0.578,0.875,0.0,10,0.333,-5.706,0,0.3,96.022,4,0.777
In Our Time,Burt Bacharach,International; Jazz,Q4,0.764,0.363,0.141,0.0141,5,0.0847,-13.015,1,0.0309,60.978,4,0.182
Liza (All the Clouds'll Roll Away),Chick Webb,Jazz; Vocal,Q1,0.657,0.646,0.598,0.883,7,0.0621,-10.483,0,0.099,115.156,4,0.527
Fan the Fire,Earth; Wind & Fire,Electronic; Pop/Rock; R&B,Q1,0.291,0.666,0.714,0.0212,4,0.128,-9.448,0,0.0617,89.018,4,0.69
Such a Sick Boy,One Man Army and the Undead Quartet,Electronic; International; Pop/Rock,Q2,1.88e-05,0.56,0.932,0.00509,1,0.19,-5.354,1,0.0722,99.903,4,0.666
Me; Myself and I,Billie Holiday,Jazz; Vocal; Blues,Q1,0.0026,0.943,0.558,2.19e-06,2,0.0937,-4.911,1,0.0568,104.983,4,0.606
War on the Pentagon,U.K. Subs,Pop/Rock,Q2,2.58e-05,0.263,0.887,0.012,6,0.588,-6.396,0,0.0807,112.931,4,0.667
This Trust Will Kill Again,Refused,Electronic; International; Pop/Rock,Q2,0.000362,0.523,0.934,0.204,7,0.212,-4.757,1,0.0593,109.762,4,0.507
Where I'm From,Digable Planets,Rap; R&B,Q4,0.188,0.876,0.42,0.00186,0,0.0668,-18.246,0,0.279,98.304,4,0.706
Artificial Girl,Crucifucks,Pop/Rock,Q2,0.0133,0.424,0.914,3.65e-06,4,0.179,-7.609,0,0.0564,109.54,4,0.643
Ride On,Don Williams,Country; International,Q4,0.758,0.673,0.423,0.739,0,0.102,-11.249,1,0.0247,110.149,4,0.504
9 - 5,Raunchy,International; Pop/Rock,Q2,4.73e-06,0.453,0.983,0.285,1,0.0821,-4.363,0,0.167,102.62,4,0.16
Tico-Tico,Xavier Cugat,Latin; Easy Listening; Jazz,Q1,0.782,0.606,0.549,0.441,9,0.342,-11.6,0,0.0429,96.881,4,0.966
We Are Family,Chic,R&B,Q1,0.117,0.498,0.951,1.46e-06,2,0.365,-5.069,1,0.133,117.929,4,0.436
TB Blues,Maria Muldaur,Blues; Jazz,Q3,0.906,0.587,0.168,5.89e-06,10,0.25,-12.486,1,0.0334,76.745,4,0.495
I Understand,The Distillers,Electronic; International; Pop/Rock,Q2,0.000232,0.292,0.987,0.0,0,0.344,-2.402,1,0.112,94.079,4,0.132
La Campeona,Celia Cruz,Latin,Q1,0.718,0.602,0.568,0.00118,0,0.304,-8.45,1,0.107,89.066,4,0.91
Wild Theme,Mark Knopfler,Classical; Easy Listening; Pop/Rock; Stage & Screen,Q4,0.871,0.49,0.0834,0.861,0,0.107,-23.008,1,0.0333,91.779,4,0.188
Impure Perfection,Darkane,Electronic; Pop/Rock,Q2,2.27e-06,0.441,0.988,0.00054,6,0.23,-6.421,1,0.11,133.109,4,0.169
Kollaps,Einstürzende Neubauten,Pop/Rock; Electronic,Q3,0.604,0.592,0.838,0.0509,9,0.206,-5.063,0,0.0916,59.278,4,0.101
Meet Mister Callaghan,Chet Atkins,Country; International,Q4,0.942,0.578,0.427,0.839,0,0.115,-9.038,0,0.0335,121.479,4,0.808
I Cheated Me Right of You,Moe Bandy,Country,Q3,0.397,0.596,0.48,0.0,10,0.134,-10.357,1,0.0317,111.477,4,0.591
Brother; Can You Spare a Dime?,Bing Crosby,Vocal; Jazz,Q3,0.0309,0.545,0.78,4.64e-05,7,0.0828,-4.867,0,0.0436,125.014,4,0.458
For Carlos,Herb Alpert,Easy Listening; Pop/Rock,Q4,0.824,0.458,0.246,0.92,9,0.11,-14.411,0,0.0282,107.511,4,0.16
Hymn Medley: Abide With Me/Just as I Am Without One Plea/What a Friend,Charlie Haden,Religious,Q4,0.96,0.403,0.039,0.932,10,0.122,-27.684,1,0.0454,68.546,4,0.292
Wasteland,Artificial Peace,Pop/Rock,Q2,0.0986,0.492,0.849,1.07e-06,2,0.871,-6.349,1,0.0654,128.126,4,0.768
Whoops Now,Janet Jackson,R&B; Electronic; Pop/Rock,Q1,0.495,0.786,0.801,1.1e-05,7,0.354,-5.755,1,0.0671,130.209,4,0.839
Piece for Solo Flute,Dead Can Dance,Jazz; New Age; Pop/Rock,Q3,0.994,0.254,0.357,0.774,9,0.711,-18.278,1,0.125,129.736,4,0.262
The Grave,Killa,Stage & Screen; Rap,Q2,0.259,0.758,0.538,0.0,6,0.182,-6.328,0,0.301,88.302,4,0.517
The Way Ahead,Within Reach,Electronic; International; Pop/Rock,Q2,9.27e-06,0.319,0.931,0.791,7,0.0992,-5.118,1,0.0852,117.452,4,0.399
Viagra,Harry Toddler,Reggae,Q2,0.0325,0.721,0.711,0.0,10,0.215,-4.955,0,0.447,123.572,5,0.616
You Always Hurt the One You Love,The Mills Brothers,Vocal,Q3,0.939,0.516,0.081,2.48e-05,7,0.367,-18.345,0,0.0602,138.69,4,0.352
Loot; Shoot; Electrocute,Pungent Stench,International; Pop/Rock,Q2,0.0801,0.847,0.561,6.78e-06,2,0.201,-6.484,0,0.295,131.968,4,0.597
History's Stranglers,The Bronx,Electronic; Pop/Rock,Q2,3.93e-05,0.394,0.991,0.00125,11,0.0563,-3.351,0,0.0716,97.93,4,0.834
No One Can Do It Better,The D.O.C.,Rap,Q2,0.0455,0.729,0.819,0.0,8,0.315,-6.936,1,0.292,94.142,4,0.797
Johnnie Take My Wife,Wilmoth Houdini,International,Q4,0.988,0.718,0.459,0.00158,3,0.168,-8.638,1,0.0647,102.643,4,0.939
Cao Cao Maní Picao,Tito Puente,Latin; Jazz,Q1,0.758,0.696,0.841,0.0205,5,0.172,-5.326,1,0.158,89.815,4,0.895
Slow Burn,Spyro Gyra,Jazz; Easy Listening,Q4,0.426,0.691,0.482,0.768,3,0.0627,-15.152,0,0.0317,110.021,4,0.89
I Was So Wrong,Jimmy Reed,Blues; R&B,Q3,0.863,0.668,0.268,0.000197,9,0.0899,-12.252,1,0.0303,70.357,4,0.628
Really and Truly,Sizzla,Reggae,Q4,0.155,0.701,0.492,0.0,9,0.155,-9.654,0,0.302,128.844,4,0.87
Blues de Ma Negresse,Clifton Chenier,International; Blues; R&B,Q3,0.723,0.336,0.426,2.34e-05,0,0.139,-13.124,1,0.225,80.182,4,0.583
Wagoner's Song,The New Christy Minstrels,Folk; Pop/Rock,Q1,0.69,0.618,0.452,0.000557,2,0.126,-9.365,1,0.0239,104.16,4,0.846
Scrape the Surface,Extol,International; Pop/Rock,Q2,3.79e-06,0.326,0.931,0.172,6,0.293,-5.607,0,0.0553,94.345,1,0.617
Talk That Talk; Pt. 1,The Rance Allen Group,R&B; Religious,Q2,0.186,0.793,0.512,3.81e-05,0,0.0889,-9.319,1,0.0338,109.994,4,0.0662
Confissao,Madredeus,Electronic; International,Q3,0.969,0.337,0.00451,5.71e-05,4,0.0921,-25.056,0,0.0437,97.5,4,0.197
Foggy Mountain Breakdown,Flatt & Scruggs,Country,Q1,0.191,0.407,0.479,0.901,2,0.352,-14.781,1,0.0329,155.252,4,0.919
Take Me in Your Arms,The Temptations,Electronic; R&B,Q4,0.0602,0.645,0.69,0.0,6,0.306,-7.78,1,0.165,78.649,4,0.427
The Briar and the Rose,Tom Waits,Pop/Rock; Stage & Screen,Q3,0.985,0.3,0.0643,0.585,7,0.124,-19.4,1,0.0398,136.561,4,0.21
Dude,Beenie Man,Reggae,Q1,0.123,0.616,0.71,0.0,5,0.128,-7.05,1,0.264,93.938,4,0.945
Liah Liah,Khaled,Folk; International; Pop/Rock,Q3,0.0782,0.758,0.365,4.24e-05,7,0.0865,-13.599,0,0.0587,90.8,4,0.446
Sleep Tight,Céline Dion,Children's; Pop/Rock,Q4,0.78,0.696,0.318,1.26e-05,10,0.103,-12.307,1,0.0513,124.07,4,0.38
Overripe,DDT,International; Pop/Rock,Q2,1.16e-05,0.224,0.971,0.22,11,0.968,-3.714,0,0.0751,186.913,4,0.382
The Girls from Texas,Ry Cooder,Country; Folk; Pop/Rock,Q1,0.105,0.66,0.469,0.0,0,0.114,-17.588,1,0.0615,108.999,4,0.831
Bailamos,Enrique Iglesias,Latin; Stage & Screen,Q1,0.0528,0.627,0.888,0.00237,9,0.136,-4.523,0,0.0388,99.905,4,0.591
Feel It,Orange 9mm,Pop/Rock,Q2,1.21e-05,0.439,0.971,0.907,7,0.114,-5.087,1,0.144,97.182,4,0.275
Song of the Dispossessed,Dead Can Dance,Jazz; New Age; Pop/Rock,Q3,0.553,0.689,0.443,0.165,7,0.132,-10.721,1,0.0347,91.037,4,0.294
Willie and the Hand Jive,Johnny Otis,Pop/Rock; Blues; R&B,Q1,0.106,0.777,0.809,4.18e-06,8,0.208,-9.122,0,0.125,98.842,4,0.927
In Vain,Biohazard,Pop/Rock,Q2,0.00102,0.539,0.829,0.000113,0,0.101,-6.061,1,0.0462,118.054,4,0.129
Penélope,Diego Torres,Latin,Q4,0.242,0.641,0.408,0.0,9,0.0755,-9.829,1,0.0275,99.025,4,0.393
Bad Day,The Blueskins,Electronic; Pop/Rock,Q2,0.000655,0.253,0.889,0.000489,0,0.151,-4.551,1,0.0411,149.383,4,0.748
Sea of Vapours,Nusrat Fateh Ali Khan,International; Jazz,Q4,0.795,0.171,0.00372,0.96,8,0.0879,-32.128,1,0.057,116.854,4,0.0663
Intro,Big Tymers,Rap,Q1,0.499,0.618,0.798,8.14e-05,4,0.0982,-5.944,0,0.288,92.493,4,0.828
The Christmas Song,Nat King Cole,Holiday; Vocal,Q4,0.92,0.319,0.21,8.06e-05,1,0.138,-15.231,1,0.0341,78.696,4,0.209
Justin,Against Me!,Pop/Rock; Folk,Q2,4.51e-05,0.433,0.789,0.00415,7,0.424,-7.808,1,0.0403,115.132,4,0.284
Ain't That a Shame,John Lennon,Electronic; Pop/Rock,Q1,0.32,0.586,0.855,0.0605,4,0.113,-8.904,1,0.0414,128.512,4,0.963
Perfect Moment,Martine McCutcheon,Pop/Rock,Q4,0.733,0.499,0.435,5.27e-06,1,0.135,-8.032,1,0.0301,142.028,4,0.117
Let Me Love You,Jeff Beck,Blues; Pop/Rock,Q1,0.225,0.494,0.6,0.00127,4,0.277,-10.411,0,0.0455,95.305,4,0.702
Crazy Rhythm,Stan Kenton,Jazz; Vocal,Q1,0.682,0.553,0.523,5.67e-05,5,0.0797,-7.804,1,0.0407,96.485,4,0.659
With Blood Comes Cleansing,Imperial,Electronic; Pop/Rock,Q2,0.0001,0.412,0.938,0.0432,5,0.0736,-6.063,1,0.104,97.601,3,0.303
The Truth About Men,Tracy Byrd,Country,Q1,0.0657,0.648,0.777,0.0,5,0.344,-5.46,1,0.0323,145.889,4,0.895
Homeland,Kenny G,Easy Listening; Jazz; Pop/Rock,Q4,0.0315,0.337,0.412,0.127,8,0.133,-13.316,1,0.0405,177.614,4,0.329
Why Should I,Bob Marley,Reggae,Q4,0.13,0.701,0.684,0.0,6,0.182,-3.814,0,0.193,88.235,4,0.65
O Holy Night,Il Divo,Classical; Easy Listening; Holiday; Vocal,Q4,0.978,0.131,0.401,0.0117,3,0.14,-7.974,1,0.0389,86.367,4,0.0852
Mountain to Sound,Spoon,Pop/Rock,Q2,0.108,0.446,0.48,0.00712,9,0.0854,-6.751,1,0.0346,135.27,3,0.29
Love in Itself 2,Depeche Mode,Pop/Rock; Electronic,Q3,0.0399,0.651,0.667,0.00102,2,0.247,-8.181,0,0.0249,100.842,4,0.516
Be Your Girl,Teedra Moses,R&B,Q4,0.209,0.861,0.679,5.53e-06,6,0.1,-6.731,0,0.405,115.092,4,0.268
Ambition,New Model Army,Electronic; Pop/Rock,Q2,1.68e-05,0.439,0.726,0.039,0,0.219,-12.586,1,0.0354,105.121,4,0.794
Pretty Paper,Willie Nelson,Holiday; Country,Q4,0.743,0.538,0.0784,0.117,2,0.103,-18.611,1,0.0425,90.379,3,0.262
Kronik,Lil' Kim,Electronic; Rap,Q1,0.0606,0.709,0.574,0.0,11,0.0476,-6.676,0,0.294,97.956,4,0.638
Amor Gitano,Beyoncé,Latin; Pop/Rock; R&B,Q4,0.473,0.491,0.745,0.0,4,0.239,-5.631,0,0.254,167.875,4,0.596
On the Road Again,Floyd Jones,Blues,Q3,0.993,0.427,0.383,0.933,9,0.112,-14.624,1,0.0293,67.402,4,0.501
Reno; Nevada,Richard & Mimi Fariña,Folk; Pop/Rock,Q4,0.282,0.523,0.399,7.96e-06,5,0.113,-13.065,1,0.0279,154.931,4,0.495
Walking and Falling,Laurie Anderson,Avant-Garde; Pop/Rock,Q3,0.978,0.392,0.027,0.564,0,0.0571,-24.248,1,0.111,75.21,1,0.126
I Want You to Want Me,The Holmes Brothers,R&B; Blues; New Age,Q4,0.951,0.523,0.336,0.345,9,0.124,-8.952,1,0.028,121.6,3,0.237
Wait,Ennio Morricone,Stage & Screen,Q2,0.941,0.133,0.179,0.602,5,0.118,-23.714,1,0.0605,99.786,4,0.0257
Afrodisia,Kenny Dorham,Jazz,Q1,0.887,0.635,0.659,0.456,5,0.128,-7.125,1,0.0637,107.862,4,0.93
I Will Survive,Enrique Iglesias,Latin; Pop/Rock,Q1,0.135,0.688,0.865,1.23e-06,10,0.0556,-3.473,0,0.0649,106.396,4,0.353
Oh Girl,Don Carlos,Reggae,Q3,0.143,0.69,0.449,0.000184,4,0.0328,-12.496,0,0.176,144.977,4,0.879
The Butcher,Leonard Cohen,Pop/Rock; Folk,Q3,0.958,0.532,0.0981,0.000918,4,0.112,-15.384,1,0.0381,89.06,4,0.136
No Sympathy,Peter Tosh,Reggae,Q3,0.015,0.735,0.521,1.16e-05,11,0.0842,-11.064,0,0.13,78.249,4,0.635
A Time to Die,The Forsaken,Electronic; International; Pop/Rock,Q2,1.37e-06,0.168,0.975,0.129,7,0.172,-4.522,1,0.131,134.581,4,0.0925
Dead Men Don't Rape,7 Year Bitch,Pop/Rock,Q2,9.03e-06,0.349,0.709,0.0095,9,0.147,-12.339,0,0.0336,114.581,3,0.708
The Prophet,The Make-Up,Pop/Rock,Q2,0.481,0.547,0.821,0.0,4,0.314,-8.36,0,0.0396,143.421,4,0.959
Look at Little Sister,Hank Ballard,Pop/Rock; R&B,Q1,0.687,0.196,0.904,0.00289,9,0.094,-6.037,1,0.0758,182.866,3,0.486
Keeping the Cadaver Dogs Busy,Cryptopsy,Electronic; International; Pop/Rock,Q2,2.08e-05,0.315,0.973,0.0363,11,0.175,-5.864,0,0.14,105.07,4,0.0674
Fit But You Know It,The Futureheads,Electronic,Q2,0.00245,0.406,0.962,0.0,0,0.29,-0.68,0,0.301,86.514,4,0.675
The Night Has a Thousand Eyes,Lee Konitz,Jazz; Vocal,Q3,0.692,0.51,0.262,0.395,7,0.131,-17.414,1,0.0391,116.512,4,0.459
Where There Is a Will; There Is a Way,Discharge,Pop/Rock,Q2,0.0048,0.344,0.896,4.5e-05,1,0.203,-4.378,1,0.0621,132.174,4,0.62
Wrath,Sizzla,Reggae,Q2,0.166,0.649,0.901,0.0,0,0.297,-6.261,0,0.416,117.208,4,0.965
Runnin' Wild,Stéphane Grappelli,Jazz,Q1,0.809,0.608,0.587,0.663,5,0.116,-6.673,1,0.0473,136.443,4,0.672
Disappear Without a Trace,Scrawl,Pop/Rock,Q3,0.0159,0.373,0.251,0.149,2,0.102,-19.305,1,0.0289,137.253,4,0.148
Misery Man,Force of Evil,Electronic; International; Pop/Rock,Q2,0.0598,0.528,0.943,0.0,6,0.289,-5.47,0,0.0844,99.97,4,0.455
Voices,Disturbed,Electronic; International; Pop/Rock,Q2,0.000303,0.612,0.972,0.00277,10,0.0817,-4.328,0,0.0919,109.989,4,0.576
Anutha Zone,Dr. John,Electronic; R&B,Q4,0.264,0.735,0.712,0.000327,7,0.0633,-9.748,1,0.0249,93.44,4,0.933
Five More to Fix,Coldseed,Electronic; International; Pop/Rock,Q2,1.08e-05,0.507,0.962,1.14e-05,2,0.145,-4.066,1,0.0528,94.939,3,0.496
I and I,Soulfly,Pop/Rock,Q2,7.53e-05,0.315,0.948,0.0182,7,0.0605,-4.814,1,0.0529,95.039,4,0.539
Care,Youth Brigade,Pop/Rock,Q2,4.44e-06,0.268,0.873,0.838,11,0.229,-12.935,0,0.0835,141.818,4,0.262
Waiting for the Meat,Fear,Pop/Rock,Q2,0.0307,0.359,0.884,7.6e-06,2,0.425,-4.307,1,0.0439,96.529,4,0.855
The Garden,Vern Gosdin,Country,Q3,0.596,0.457,0.249,0.000276,2,0.105,-13.168,1,0.0263,89.957,3,0.432
Abortion,Kraut,Pop/Rock,Q2,0.00029,0.162,0.975,9.77e-05,11,0.83,-10.461,0,0.0676,171.014,3,0.507
Phat ('N' All Dat),Onyx,Rap,Q2,0.0967,0.796,0.525,0.0,6,0.168,-12.104,1,0.323,90.011,4,0.529
Little Drummer Boy,Josh Groban,Holiday; Classical; Vocal,Q4,0.557,0.608,0.252,0.00541,9,0.115,-11.742,1,0.0303,122.019,4,0.195
Rudolph the Red-Nosed Reindeer,Alvin & the Chipmunks,Comedy/Spoken; Holiday,Q4,0.804,0.583,0.487,1.07e-05,10,0.682,-7.056,1,0.0567,135.946,4,0.75
Please Mr. Johnson,The Cadillacs,Pop/Rock; R&B,Q1,0.776,0.682,0.39,0.0,5,0.727,-12.452,1,0.0971,159.257,4,0.967
Pulling Rabbits Out of a Hat,Sparks,Classical,Q1,0.0226,0.586,0.685,0.0042,9,0.0677,-11.059,1,0.0316,157.37,4,0.777
Bichasniguz,Onyx,Rap,Q2,0.0138,0.87,0.478,0.000206,1,0.294,-13.45,1,0.307,96.052,4,0.342
Helga,The Kinks,Pop/Rock; Stage & Screen,Q3,0.535,0.402,0.672,0.792,9,0.509,-9.221,0,0.029,102.234,1,0.482
Hum-Allah-Hum-Allah-Hum Allah,Pharoah Sanders,Comedy/Spoken; Jazz,Q4,0.667,0.438,0.559,0.0161,6,0.0524,-10.725,0,0.0456,105.368,4,0.585
You Brought a New Kind of Love to Me,Frank Sinatra,Jazz; Vocal,Q4,0.472,0.54,0.206,0.0,0,0.117,-13.896,1,0.032,107.955,4,0.49
Christmas Time (Greensleeves),Alvin & the Chipmunks,Comedy/Spoken; Holiday,Q4,0.871,0.254,0.202,0.0127,4,0.152,-9.894,0,0.0315,177.278,4,0.48
The Bumper of My SUV,Chely Wright,Country,Q3,0.848,0.435,0.269,0.0,10,0.12,-8.555,1,0.0404,166.405,3,0.255
O Come; O Come; Emmanuel,Nicole C. Mullen,R&B; Religious,Q4,0.527,0.597,0.22,0.0,4,0.251,-10.848,1,0.0364,151.235,3,0.455
Di Que No,Pedro Infante,International; Latin; Pop/Rock,Q4,0.883,0.682,0.219,2.77e-05,5,0.0773,-12.324,1,0.0416,116.665,5,0.567
Messin' with the Kid,Buddy Guy,Blues,Q1,0.812,0.723,0.738,0.0108,5,0.0829,-8.571,1,0.0442,120.094,4,0.809
Cursum Perficio,Enya,International; New Age; Pop/Rock,Q4,0.887,0.342,0.0983,0.674,0,0.136,-19.383,0,0.0385,139.83,4,0.0491
Panis Angelicus,Josh Groban,Holiday; Classical; Vocal,Q4,0.913,0.114,0.137,0.00168,7,0.0987,-15.012,1,0.0374,71.606,4,0.0699
Do You Remember (Theme Song),Blind James Campbell,Blues; Country; Folk,Q3,0.92,0.656,0.209,0.0,11,0.0999,-8.323,1,0.0419,77.933,4,0.53
Wild Women Don't Have the Blues,Ida Cox,Blues; Jazz,Q3,0.996,0.495,0.35,0.0023,9,0.2,-7.457,1,0.0485,83.881,3,0.618
The Game,Cliff Richard,International; Pop/Rock,Q4,0.891,0.429,0.208,4.67e-05,2,0.158,-16.07,1,0.0301,107.618,3,0.485
Buggy Jail House Blues,Lillie Mae,Blues,Q3,0.979,0.547,0.361,4.23e-06,11,0.231,-8.817,1,0.032,79.98,4,0.446
The Great Western Train Chase,Orangeburg Massacre,Electronic; Pop/Rock,Q2,2.23e-05,0.311,0.911,0.0553,5,0.469,-4.721,1,0.0711,135.058,4,0.648
I Wish I Could Say the Same,The Ink Spots,Vocal,Q3,0.922,0.766,0.0513,1.43e-05,5,0.124,-18.332,1,0.0572,84.447,4,0.178
Tribulation,Divine Empire,Electronic; Pop/Rock,Q2,5.19e-06,0.215,0.922,0.059,7,0.239,-4.895,1,0.105,138.904,4,0.235
Divorce Song,Liz Phair,Pop/Rock,Q3,0.0581,0.635,0.805,0.0,1,0.191,-4.776,1,0.0268,120.384,4,0.744
This Can't Be Love,Diana Krall,Jazz; Vocal,Q1,0.494,0.619,0.41,0.0137,0,0.107,-10.449,1,0.0339,99.206,4,0.471
Hear Me Talkin' to Ya?,Louis Armstrong,Jazz,Q1,0.971,0.777,0.426,0.864,10,0.539,-9.095,1,0.06,113.572,4,0.964
Squeeze Me,Diana Krall,Jazz; Vocal,Q4,0.609,0.473,0.046,1.08e-06,7,0.109,-19.171,1,0.0391,113.639,4,0.147
Cover to Cover,Billy Ray Cyrus,Country; Pop/Rock,Q3,0.723,0.704,0.371,0.0,7,0.143,-10.524,1,0.0256,105.03,4,0.197
I Never Had Nothing,Blind James Campbell,Blues; Country; Folk,Q3,0.846,0.692,0.421,8.59e-05,11,0.0692,-6.743,1,0.0429,112.031,4,0.854
Sittin' Here Drinking,Blind James Campbell,Blues; Country; Folk,Q3,0.773,0.466,0.395,0.0,6,0.119,-8.127,1,0.0559,81.978,4,0.455
Hallelujah; I Love Her So,Harry Belafonte,Folk; Vocal,Q4,0.47,0.364,0.378,0.0,7,0.339,-7.381,0,0.0331,89.918,3,0.366
Will the Circle Be Unbroken,Blind James Campbell,Blues; Country; Folk,Q3,0.75,0.534,0.385,0.0,11,0.363,-6.984,0,0.0353,130.345,4,0.689
Beneath the Crimson Vaults of Cydonia,Bal-Sagoth,International; Pop/Rock,Q2,2.63e-06,0.191,0.969,0.623,10,0.152,-4.306,0,0.102,198.02,4,0.136
Beat the Bastards,The Exploited,Pop/Rock,Q2,4.15e-05,0.339,0.989,0.0178,8,0.124,-4.346,1,0.15,120.167,4,0.101
The Elephant Is Dead (Bush),Bill Hicks,Comedy/Spoken,Q2,0.934,0.507,0.502,3.65e-06,5,0.202,-14.371,0,0.922,79.427,4,0.588
Ring; Telephone; Ring,The Ink Spots,Vocal,Q3,0.592,0.778,0.317,0.0,1,0.0881,-10.732,0,0.334,140.048,4,0.327
Forgive & Forget,Alien Ant Farm,Pop/Rock,Q2,0.366,0.668,0.769,0.0,9,0.0861,-5.25,1,0.218,79.852,4,0.469
The Place Between Us,Chris Botti,Easy Listening; International; Jazz,Q4,0.871,0.753,0.248,0.932,5,0.0673,-16.896,1,0.0294,108.951,4,0.422
Dark Eyes,Gene Krupa,International; Jazz,Q1,0.779,0.622,0.524,0.848,4,0.0847,-9.877,1,0.0888,93.992,4,0.476
My Last Affair,Billie Holiday,Jazz; Vocal; Blues,Q3,0.937,0.695,0.225,0.000131,0,0.104,-12.704,1,0.041,92.326,4,0.572
Heroine,Lou Reed,Pop/Rock,Q3,0.943,0.627,0.233,0.0,0,0.0884,-12.634,1,0.0476,76.559,4,0.177
Pennywise,Pennywise,Pop/Rock,Q2,0.00527,0.347,0.983,0.0,9,0.19,-4.023,1,0.0915,94.277,4,0.655
How Long Has This Been Going On?,Dave Grusin,Jazz; Vocal,Q4,0.572,0.587,0.345,0.804,7,0.0989,-14.036,0,0.0315,129.528,3,0.329
Red Lights; the Stop Light,Jimmy Reed,Blues; R&B,Q3,0.000629,0.654,0.83,1.13e-06,10,0.121,-4.801,1,0.0366,124.989,4,0.548
A-Man,Suicide,Avant-Garde; Pop/Rock,Q2,0.978,0.212,0.79,0.972,3,0.19,-11.142,1,0.14,148.864,4,0.23
Dime Que Me Quieres (Bring a Little Lovin),Ricky Martin,Latin; Pop/Rock,Q1,0.025,0.746,0.595,1.24e-05,1,0.0413,-15.984,1,0.0462,113.921,4,0.893
Too Bad,Faces,Pop/Rock,Q1,0.158,0.407,0.877,1.34e-06,5,0.0542,-6.318,1,0.0638,163.68,4,0.798
Hotter Than That,Louis Armstrong,Jazz,Q1,0.894,0.782,0.409,0.278,3,0.309,-10.191,1,0.0676,106.03,4,0.907
In My Realm,Breach,International; Pop/Rock,Q2,2.72e-05,0.232,0.942,0.0534,10,0.337,-7.057,1,0.113,118.773,3,0.349
GM2 1,Gorilla Biscuits,Pop/Rock,Q2,1.07e-05,0.223,0.79,0.000364,2,0.143,-14.882,1,0.0762,163.314,4,0.445
Alone Together,Lee Konitz,Jazz; Vocal,Q3,0.984,0.549,0.0639,0.646,2,0.103,-20.35,0,0.0579,114.89,3,0.278
Texas Cookin',Guy Clark,Country; Pop/Rock,Q1,0.525,0.833,0.704,0.0,2,0.0934,-8.226,0,0.0927,100.771,4,0.779
Union Song,Tom Morello,Folk; Pop/Rock,Q2,0.538,0.707,0.599,0.0,0,0.176,-7.023,1,0.0396,122.389,4,0.269
O Superman (For Massenet),Laurie Anderson,Avant-Garde; Pop/Rock; New Age,Q3,0.957,0.805,0.0242,0.131,0,0.104,-20.597,0,0.0564,149.038,4,0.295
Withered and Torn,Mendeed,International; Pop/Rock,Q2,0.000438,0.295,0.971,1.51e-06,1,0.184,-2.012,0,0.158,85.132,4,0.291
Heart of a Champion,Nelly,Rap; R&B,Q2,0.105,0.565,0.945,0.0,9,0.536,-3.38,0,0.159,157.754,4,0.858
Passivist,Everyday Madness,Electronic; International; Pop/Rock,Q2,0.00451,0.42,0.977,0.332,10,0.0767,-4.834,1,0.0939,117.042,4,0.5
Stolen Moments,Ahmad Jamal,Jazz; Vocal,Q4,0.89,0.476,0.273,0.9,7,0.0978,-17.457,0,0.0334,117.779,4,0.164
Oh; Lady Be Good,Peter Sellers,Comedy/Spoken; Vocal,Q1,0.0539,0.77,0.896,0.0,0,0.243,-3.971,1,0.039,126.999,4,0.964
Tito on Timbales,Tito Puente,Jazz; Latin,Q1,0.589,0.6,0.524,0.916,0,0.0901,-23.762,1,0.056,137.853,4,0.93
Irresistible Bliss,Chris Botti,Easy Listening; Jazz,Q4,0.636,0.637,0.287,0.931,6,0.0932,-17.024,1,0.0407,78.98,4,0.867
Steal Away,Z.Z. Hill,Blues,Q3,0.0737,0.451,0.569,0.0,10,0.08,-9.68,1,0.0353,184.854,3,0.582
Detroit Blues,Blind James Campbell,Blues; Country; Folk,Q3,0.817,0.671,0.338,2e-06,6,0.0972,-9.917,1,0.0398,87.722,4,0.766
Be My Dream,Suicide,Avant-Garde; Pop/Rock,Q2,0.351,0.514,0.91,0.766,0,0.269,-11.525,0,0.0496,164.343,4,0.153
What Would They Know,Liars,Pop/Rock,Q2,0.102,0.408,0.844,0.838,7,0.289,-6.464,0,0.0429,126.067,4,0.117
The Snake and the Moon,Dead Can Dance,Jazz; New Age; Pop/Rock,Q3,0.152,0.655,0.522,0.000297,8,0.117,-10.485,0,0.0406,112.096,4,0.427
Animal City,Shakira,Latin; Electronic; Pop/Rock; R&B,Q1,0.203,0.781,0.824,0.0,6,0.389,-4.412,0,0.107,140.033,4,0.886
Amanecí en Tus Brazos,Los Dandy's,International; Latin,Q3,0.329,0.408,0.341,0.0,7,0.25,-13.226,1,0.0482,102.827,4,0.386
Death Letter Blues; Pt. 2,Lead Belly,Blues; Folk,Q3,0.865,0.803,0.288,0.0593,7,0.0833,-15.418,0,0.0629,115.685,4,0.865
Hey You,Shakira,Latin; Electronic; Pop/Rock; R&B,Q1,0.172,0.775,0.646,0.0,1,0.103,-5.898,1,0.0365,128.082,4,0.788
Black Girls,Violent Femmes,Country; International; Pop/Rock,Q2,0.0278,0.608,0.61,0.335,11,0.0369,-13.99,0,0.0702,121.275,4,0.669
24 Hour Bulls***,Nailbomb,Electronic; International; Pop/Rock,Q2,1.25e-05,0.45,0.954,1.8e-05,11,0.839,-10.667,0,0.216,186.833,4,0.174
Thank God I Found You,Mariah Carey,Electronic; Pop/Rock; R&B,Q4,0.592,0.348,0.532,0.0,10,0.106,-5.882,1,0.0331,129.297,4,0.148
You Don't Know Me,Simon Joyner,Pop/Rock; Folk,Q3,0.211,0.294,0.403,0.00465,2,0.119,-8.403,1,0.0269,78.694,4,0.338
Trying to Lose the Blues,Joe Liggins,Blues,Q3,0.91,0.481,0.352,0.612,8,0.177,-13.41,1,0.0414,82.928,4,0.503
Bard Dance,Enya,International; New Age; Pop/Rock,Q4,0.447,0.481,0.162,0.952,7,0.109,-23.685,0,0.069,176.044,4,0.659
Dudes,Steel Pulse,Reggae,Q1,0.0579,0.538,0.823,0.000417,6,0.151,-9.805,0,0.113,202.157,4,0.741
Dolores,Miles Davis,Jazz,Q1,0.0424,0.408,0.489,0.000274,7,0.368,-12.614,0,0.0409,138.432,4,0.567
New Strings,Miranda Lambert,Country,Q1,0.223,0.539,0.82,1.05e-06,9,0.154,-3.913,1,0.0363,104.033,4,0.56
Bananza (Belly Dancer),Akon,Electronic; R&B,Q1,0.0348,0.828,0.949,0.0113,6,0.317,-3.443,0,0.0458,123.973,4,0.534
Throw Ya Gunz,Onyx,Rap,Q2,0.00212,0.824,0.595,0.0,1,0.106,-11.954,1,0.283,93.993,4,0.711
Where It Went,Judge,Pop/Rock,Q2,1.17e-05,0.298,0.704,0.00803,9,0.108,-12.773,1,0.0534,146.767,4,0.611
Love Is Here to Stay,Dizzy Gillespie,Jazz; Vocal,Q4,0.221,0.528,0.404,2.1e-05,5,0.147,-7.975,1,0.0321,109.299,4,0.627
Goblin City,Panthers,Electronic; International; Pop/Rock,Q2,0.0069,0.794,0.656,0.753,4,0.0801,-7.474,0,0.0466,124.987,4,0.384
House Gone Up in Flames,Tom Morello,Folk; Pop/Rock,Q2,0.535,0.547,0.422,3.99e-06,1,0.0991,-7.276,0,0.058,100.039,4,0.617
The Politics of Starving,Against Me!,Pop/Rock; Folk,Q2,0.000424,0.296,0.89,0.0803,11,0.181,-6.54,0,0.0654,152.463,4,0.691
Wasted Days and Wasted Nights,Doug Sahm,Latin; Pop/Rock,Q3,0.418,0.528,0.42,5.27e-06,3,0.338,-13.908,1,0.0261,98.661,1,0.742
Eight Days On the Road,Aretha Franklin,Electronic; R&B,Q1,0.65,0.708,0.659,8.62e-05,5,0.0513,-7.624,0,0.0398,124.065,4,0.792
It Looks Like Rain,Jann Arden,Pop/Rock,Q3,0.781,0.439,0.077,0.00281,0,0.114,-19.502,0,0.0311,98.223,4,0.0515
Dressed for Sick Sex,Quasimodo Jones,Electronic,Q2,0.442,0.549,0.987,4.99e-05,9,0.387,-6.006,1,0.429,101.309,3,0.206
Drunken Poet's Dream,Hayes Carll,Country; Pop/Rock,Q3,0.478,0.521,0.515,1.37e-05,9,0.114,-6.926,1,0.0289,137.997,4,0.51
Forgiven,Los Lonely Boys,Pop/Rock; Latin,Q3,0.5,0.542,0.718,6.86e-05,3,0.0999,-6.696,1,0.0355,82.037,4,0.629
La Vie Lilas,Serge Lama,Folk; Pop/Rock; Vocal,Q3,0.574,0.406,0.404,2.29e-05,0,0.142,-9.748,1,0.0354,122.74,4,0.14
The Walls Are Starting to Crack,Secret Machines,Pop/Rock,Q3,0.0559,0.305,0.366,0.513,6,0.0727,-10.682,0,0.0317,59.825,4,0.159
Wham and They're Off,Hank Mobley,Jazz,Q1,0.55,0.446,0.636,0.388,10,0.334,-8.184,1,0.0487,135.774,4,0.74
Silent Night,Sara Evans,Holiday,Q4,0.414,0.405,0.377,5.34e-05,7,0.104,-8.112,1,0.0284,77.849,3,0.124
Tortoise Regrets Hare,James Yorkston,Pop/Rock; Folk,Q4,0.788,0.383,0.395,0.00206,2,0.103,-13.693,1,0.0306,83.383,4,0.586
Soft Mouth Vagina,Treponem Pal,Pop/Rock,Q2,1.84e-05,0.56,0.677,8.47e-06,0,0.107,-6.241,1,0.0481,136.904,4,0.64
Tres Deseos,Gloria Estefan,International; Latin,Q1,0.221,0.845,0.954,5.74e-06,5,0.0333,-4.727,1,0.0918,130.863,4,0.963
Felicidad,Gloria Estefan,International; Latin,Q1,0.318,0.795,0.672,0.0,10,0.0504,-7.719,1,0.043,157.892,4,0.964
Milagro,Gloria Estefan,Easy Listening; International; Latin,Q1,0.522,0.785,0.632,0.0,2,0.0707,-7.32,1,0.0352,151.866,4,0.963
The Elephant Riders,Clutch,Pop/Rock,Q2,0.0919,0.495,0.816,6.97e-05,9,0.472,-6.51,1,0.037,91.037,4,0.772
Crippled Inside,John Lennon,Country; Pop/Rock,Q1,0.193,0.545,0.608,0.0699,0,0.0769,-9.372,1,0.0369,165.617,4,0.681
Please Don't Stop,Keyshia Cole,R&B; Pop/Rock,Q1,0.103,0.632,0.881,0.0,8,0.262,-3.641,0,0.0773,120.741,4,0.438
Home in That Rock,Dan Zanes,Children's; New Age; Religious,Q4,0.55,0.606,0.628,0.00442,2,0.12,-8.672,1,0.0329,78.274,4,0.898
On Nature,Matisyahu,Reggae; International,Q4,0.0296,0.774,0.82,0.00012,2,0.147,-5.774,1,0.0851,97.008,4,0.652
Snuff,Slayer,Pop/Rock,Q2,9.01e-06,0.164,0.998,0.218,8,0.307,-1.823,1,0.132,179.605,4,0.228
For Your Entertainment,Adam Lambert,Pop/Rock; Stage & Screen,Q1,0.0411,0.654,0.872,0.0,1,0.0808,-3.824,1,0.11,130.023,4,0.612
Let off Supm,Gregory Isaacs,Reggae,Q3,0.105,0.835,0.364,0.000405,0,0.102,-11.674,0,0.0444,139.791,4,0.87
What a Night; What a Moon; What a Girl,Billie Holiday,Blues; Jazz; Vocal,Q1,0.009,0.726,0.787,0.0,4,0.0596,-2.494,1,0.0737,124.99,4,0.888
Free Speech for the Dumb,Discharge,Pop/Rock,Q2,1.13e-05,0.318,0.917,0.0188,8,0.0342,-3.251,0,0.0709,124.476,4,0.214
El Patron,Brujeria,Pop/Rock,Q2,0.041,0.351,0.861,0.0,4,0.735,-10.056,0,0.117,103.262,4,0.117
Turn on Your Love Light,"Bobby ""Blue"" Bland",R&B; Blues,Q1,0.0659,0.626,0.741,3.71e-05,5,0.593,-9.117,1,0.0342,106.15,4,0.817
My Sweet Prince,Placebo,Pop/Rock,Q3,0.516,0.444,0.226,0.0386,10,0.1,-16.118,1,0.0353,121.783,3,0.0426
Shake It Well,The Dramatics,R&B; Blues,Q1,0.171,0.651,0.7,0.000134,6,0.0572,-12.104,1,0.275,178.005,4,0.948
Soy,Gipsy Kings,International; Jazz,Q1,0.325,0.647,0.94,0.000173,1,0.186,-8.264,0,0.0814,114.6,4,0.904
Mi Vida,Gipsy Kings,International; Jazz,Q1,0.333,0.752,0.794,8.31e-06,8,0.0671,-12.723,0,0.0508,91.938,4,0.707
Maimed and Slaughtered,Discharge,Pop/Rock,Q2,3.8e-06,0.326,0.98,0.0132,1,0.31,-3.169,0,0.0906,155.764,4,0.533
Oye Como Va,Tito Puente,Jazz; Latin,Q1,0.747,0.658,0.738,0.00605,7,0.0624,-6.717,1,0.0315,123.261,4,0.963
Sling It to Tha Back,Juvenile,Rap,Q3,0.0108,0.738,0.658,0.000305,6,0.167,-10.383,1,0.15,85.095,4,0.758
Info Kill II,Company Flow,Rap,Q2,0.139,0.569,0.748,0.0,6,0.157,-8.276,1,0.45,83.763,4,0.614
Jack Rabbit,Elton John,Pop/Rock; Country; Electronic,Q1,0.114,0.703,0.762,0.000262,7,0.104,-10.25,1,0.0278,107.844,4,0.966
Broke Willies,Onyx,Rap,Q2,0.00166,0.774,0.589,0.0,1,0.108,-11.369,0,0.25,93.122,4,0.76
Night Wind,David Arkenstone,New Age,Q4,0.547,0.24,0.278,0.891,4,0.126,-15.488,0,0.0357,140.151,3,0.22
Mujer de Arena,Oscar D'León,Latin,Q1,0.649,0.822,0.633,0.0,7,0.0912,-8.67,0,0.041,100.155,4,0.951
Lullaby of Birdland,George Shearing,Jazz,Q4,0.747,0.657,0.263,8.6e-06,6,0.171,-19.36,1,0.032,97.027,4,0.893
Push 'Em Off,Tear Da Club Up Thugs,Rap,Q2,0.0329,0.744,0.878,4.2e-05,11,0.063,-4.594,0,0.254,189.965,4,0.544
As Long as I Live,Lena Horne,Vocal; Jazz; Stage & Screen,Q4,0.77,0.425,0.238,8.36e-05,6,0.84,-18.872,1,0.173,82.887,1,0.258
In a Sentimental Mood,Kenny G,Easy Listening; Jazz; Pop/Rock,Q4,0.0841,0.357,0.439,0.502,2,0.326,-9.215,0,0.0321,127.093,4,0.16
Prologue,Loreena McKennitt,International; New Age,Q4,0.734,0.255,0.199,0.221,10,0.103,-17.679,1,0.0335,167.26,4,0.04
Borderlands,David Arkenstone,New Age; Stage & Screen,Q4,0.462,0.496,0.232,0.85,1,0.0755,-18.566,0,0.0277,101.942,4,0.101
Last Night Blues,Lightnin' Hopkins,Blues,Q3,0.618,0.468,0.077,0.000354,4,0.081,-22.132,1,0.0448,179.377,3,0.221
Run; Children; Run,Mike Seeger,Children's; Folk; International; Country,Q4,0.219,0.374,0.568,0.00219,1,0.513,-3.825,0,0.109,84.733,4,0.111
Hear Nothing See Nothing Say Nothing,Discharge,Pop/Rock,Q2,2.92e-06,0.297,0.961,0.75,1,0.339,-4.473,1,0.0586,77.946,4,0.0877
Mais Que Nada,Sergio Mendes,International; Latin; Pop/Rock; Easy Listening,Q1,0.524,0.637,0.493,1.52e-05,0,0.136,-13.094,0,0.0482,88.796,4,0.932
Mysterious Encounter,Kitaro,Avant-Garde; Electronic; New Age,Q4,0.59,0.178,0.196,0.9,6,0.105,-14.641,0,0.0353,105.148,4,0.0323
Here Comes That Feeling,Squeeze,Pop/Rock,Q2,0.021,0.593,0.641,0.555,4,0.566,-12.798,1,0.0461,134.497,4,0.254
Moondance,Kitaro,Avant-Garde; Electronic; New Age,Q4,0.603,0.382,0.25,0.153,6,0.669,-10.69,0,0.0313,101.989,3,0.157
The Good; the Bad; and the Ugly (Titles),Accademia di Santa Cecilia Orchestra,Easy Listening; Stage & Screen,Q4,0.82,0.434,0.215,0.0,10,0.456,-8.478,1,0.0417,118.152,4,0.187
Ask Me,Sugar Pie DeSanto,Blues; R&B,Q3,0.715,0.245,0.406,0.0,0,0.286,-6.662,1,0.0333,180.061,3,0.513
In the Shadows,Cabaret Voltaire,Avant-Garde; Pop/Rock,Q3,0.0691,0.658,0.863,0.383,10,0.0681,-10.836,0,0.133,177.12,4,0.521
Watch Yo Back,Trina,Rap,Q2,0.00353,0.733,0.944,0.0118,1,0.294,-6.385,1,0.141,150.028,4,0.944
Parchman Farm Blues,Claude King,Country,Q3,0.803,0.664,0.347,0.00102,10,0.103,-13.834,1,0.143,107.732,3,0.517
Composition 101,Anthony Braxton,Jazz,Q3,0.988,0.407,0.0844,0.853,0,0.147,-22.202,1,0.0427,79.341,4,0.403
Por Fin,Los Dandy's,International; Latin,Q4,0.893,0.616,0.41,7.22e-05,6,0.381,-8.4,1,0.0339,98.042,4,0.588
The Bridge,Quintron,Pop/Rock,Q2,0.11,0.451,0.733,0.886,10,0.099,-8.823,0,0.137,98.602,3,0.752
Narcoleptic,Placebo,Pop/Rock,Q3,0.134,0.513,0.389,0.00041,8,0.106,-10.416,1,0.0265,98.764,4,0.166
Cause of Death,Obituary,Pop/Rock,Q2,2.41e-05,0.284,0.978,0.00754,9,0.121,-7.931,0,0.137,140.758,4,0.0625
Ready to Rumble,Mystikal,Rap,Q2,0.014,0.745,0.8,0.000791,4,0.0766,-5.272,0,0.32,88.903,4,0.577
Earth by Invitation Only,Crucifucks,Pop/Rock,Q2,0.00247,0.388,0.935,0.287,4,0.0803,-7.256,0,0.0566,86.792,4,0.464
Jah Pickney -- R.A.R.,Steel Pulse,Electronic; International; Reggae,Q4,0.103,0.717,0.421,0.0,0,0.0472,-15.234,1,0.234,137.038,4,0.618
Ku Klux Klan,Steel Pulse,Reggae,Q4,0.0143,0.737,0.504,0.0,9,0.0543,-12.201,0,0.238,130.56,4,0.825
Cold; Cold Feeling,Albert Collins,Blues,Q3,6.06e-05,0.451,0.815,0.0,2,0.27,-5.55,0,0.0368,147.974,4,0.618
Abraham; Martin and John,The Belafonte Folk Singers,Folk; Vocal,Q3,0.0093,0.789,0.695,0.0,10,0.284,-4.181,0,0.0368,152.851,4,0.408
Virgen de Mi Soledad,Juan Valentín,Latin,Q3,0.522,0.518,0.278,2.34e-05,0,0.0789,-14.738,1,0.0342,110.884,4,0.535
Fight to Forget,Painstake,Pop/Rock,Q2,1.1e-05,0.43,0.812,0.778,11,0.172,-12.965,1,0.0601,107.605,4,0.22
Hotcha Cornia (Hotcha Chornya- Russian Folk Songs),Spike Jones,Comedy/Spoken; Jazz,Q1,0.967,0.667,0.466,0.13,2,0.0659,-12.376,0,0.112,152.902,4,0.64
I Wanna Go Back to West Virginia,Spike Jones,Comedy/Spoken; Jazz,Q1,0.982,0.834,0.415,0.000708,7,0.0768,-10.104,1,0.0704,133.648,4,0.961
Cold Days Of February,Robin Williamson,International,Q3,0.915,0.642,0.0254,0.0,3,0.142,-22.058,1,0.466,78.74,5,0.141
Si Nos Dejan,José Alfredo Jiménez,Latin,Q3,0.644,0.578,0.229,0.000149,0,0.186,-14.992,1,0.0308,108.693,4,0.591
Love Me Tonight,Tom Jones,Electronic; Pop/Rock; Vocal,Q1,0.173,0.499,0.759,0.0,7,0.477,-8.766,0,0.0464,105.431,4,0.791
Sunflower,Glen Campbell,Country; Pop/Rock,Q1,0.115,0.755,0.786,0.00161,7,0.183,-9.451,1,0.0305,129.381,4,0.979
Blue Heat,Cabaret Voltaire,Avant-Garde; Pop/Rock,Q3,0.0145,0.739,0.779,0.794,10,0.0969,-8.214,1,0.0422,126.807,4,0.802
Trouble in Mind,Asleep at the Wheel,Country,Q4,0.762,0.615,0.452,0.00569,7,0.241,-9.216,1,0.0306,95.724,4,0.765
Abominable Snowman in the Market,The Modern Lovers,Pop/Rock,Q1,0.684,0.733,0.633,6.42e-05,0,0.0763,-8.354,1,0.288,98.497,4,0.881
I Need You Here,Gary Burton,Jazz,Q4,0.923,0.261,0.114,0.84,5,0.078,-21.892,0,0.0407,178.938,3,0.0396
Baby You Don't Want Me,Furry Lewis,Blues,Q3,0.803,0.411,0.153,8.22e-05,5,0.0702,-18.69,1,0.0365,140.165,4,0.178
Always Returning,Brian Eno,Avant-Garde; Electronic; Pop/Rock,Q4,0.687,0.299,0.114,0.859,10,0.0764,-24.355,1,0.042,70.729,4,0.131
St. Judy's Comet,Paul Simon,Pop/Rock; Children's,Q4,0.457,0.619,0.344,0.000352,9,0.0929,-18.956,1,0.0391,96.265,4,0.713
Johnnie Cope/Atholl Highlanders,The Tannahill Weavers,International,Q1,0.52,0.247,0.815,1.04e-06,3,0.122,-10.971,1,0.0799,127.711,4,0.746
Dreams,Fleetwood Mac,Pop/Rock,Q4,0.0644,0.828,0.492,0.00428,0,0.128,-9.744,1,0.0276,120.151,4,0.789
Hark! The Herald Angels Sing,Neil Diamond,Holiday; Pop/Rock,Q1,0.7,0.403,0.497,0.0,5,0.519,-5.149,1,0.0296,105.664,4,0.362
Stubborn Kind of Fellow,Marvin Gaye,R&B,Q1,0.311,0.606,0.694,0.0,1,0.12,-8.665,1,0.0468,108.796,4,0.933
Sickness,Obituary,Pop/Rock,Q2,8.67e-05,0.301,0.993,0.00201,11,0.104,-4.891,1,0.161,102.973,4,0.126
Sweet Papa Di,Dion,Pop/Rock; R&B,Q3,0.821,0.676,0.41,4.01e-06,2,0.182,-11.737,0,0.0721,106.561,4,0.834
Crime Story,MC Hammer,Rap; R&B,Q2,0.000441,0.869,0.478,0.00272,1,0.256,-12.634,1,0.057,118.142,4,0.192
You Want This,Janet Jackson,Pop/Rock; R&B; Electronic,Q1,0.113,0.844,0.843,0.0439,10,0.1,-5.763,0,0.0551,111.893,4,0.647
Gota Let Your Nuts Hang,Geto Boys,Rap,Q2,0.517,0.783,0.799,0.00027,1,0.368,-4.629,1,0.387,72.896,4,0.699
Just Some Bar in the French Quarters,Tony Rice,Country; Folk,Q3,0.56,0.542,0.144,0.271,4,0.0985,-19.425,1,0.0329,130.183,4,0.271
So Long,Jim Brickman,New Age,Q4,0.991,0.433,0.0886,0.906,7,0.103,-19.427,1,0.0561,128.969,4,0.0963
Cool Drink of Water,Brooks & Dunn,Country,Q1,0.11,0.674,0.911,8e-06,2,0.0637,-9.24,0,0.0291,112.221,4,0.879
Another Victim,Faith,Pop/Rock,Q2,0.0198,0.462,0.905,0.897,11,0.422,-9.901,0,0.102,98.893,4,0.806
Time Flies,Subhumans,Pop/Rock,Q2,0.00152,0.498,0.973,0.0,2,0.268,-5.345,1,0.107,115.748,4,0.353
Ding-Dong! The Witch Is Dead,Bud Shank,Jazz; Stage & Screen; Vocal,Q4,0.456,0.433,0.34,0.383,0,0.0986,-9.727,1,0.0494,191.751,3,0.253
Chosen Race,Samael,Pop/Rock,Q2,1.23e-05,0.402,0.959,0.175,3,0.305,-6.67,1,0.0677,126.285,4,0.114
Busy Port,Les Baxter,Easy Listening,Q1,0.825,0.402,0.214,0.479,2,0.346,-17.631,1,0.0381,153.57,4,0.544
Marble Halls,Enya,International; New Age; Pop/Rock,Q4,0.983,0.251,0.0841,0.0248,10,0.107,-22.231,1,0.0572,95.417,3,0.151
Worrying My Mind,Big Bill Broonzy,Blues,Q3,0.968,0.702,0.188,0.000378,3,0.106,-13.01,1,0.0452,94.692,4,0.422
Una Rumba Por Aqui,Gipsy Kings,International; Jazz,Q1,0.546,0.705,0.876,0.000225,6,0.0609,-10.424,1,0.0671,120.486,4,0.677
Europe Endless,Kraftwerk,Avant-Garde; Pop/Rock,Q4,0.0408,0.77,0.464,0.649,11,0.199,-11.391,1,0.0571,110.387,4,0.419
False Curl Girl,Mad Professor,Reggae,Q4,0.00538,0.672,0.373,0.777,1,0.36,-11.455,1,0.112,82.178,4,0.455
Melao de Caña,Celia Cruz,Latin,Q1,0.635,0.629,0.559,0.0226,0,0.0819,-10.124,0,0.0374,140.501,4,0.951
The Crawl,Placebo,Pop/Rock,Q3,0.737,0.674,0.356,0.473,3,0.115,-14.694,0,0.0306,130.737,4,0.165
Open Letter,Cro-Mags,Pop/Rock,Q2,0.00019,0.517,0.992,2.17e-05,6,0.0934,-4.023,0,0.0763,107.803,4,0.599
Amrita,Steven Halpern,New Age; Comedy/Spoken; Electronic,Q4,0.984,0.133,0.0882,0.916,0,0.0939,-23.395,1,0.0417,181.083,3,0.0336
I Love You More Today,Conway Twitty,Country,Q4,0.364,0.294,0.459,7.68e-06,9,0.0808,-9.515,1,0.038,200.569,4,0.476
Donde Estabas Tu,Tito Puente,Latin; Jazz,Q1,0.791,0.787,0.916,0.744,5,0.204,-6.48,0,0.0753,136.927,4,0.928
No Coman Cuento,Joe Cuba,Latin,Q1,0.695,0.558,0.184,0.0,2,0.181,-27.409,1,0.037,99.816,4,0.96
Desert Rain,Iced Earth,Pop/Rock,Q2,0.00175,0.297,0.814,0.281,8,0.104,-15.095,1,0.35,143.722,4,0.162
I Guess I've Come to Live Here in Your Eyes,Willie Nelson,Pop/Rock; Reggae; Country,Q4,0.946,0.509,0.0788,0.00135,0,0.104,-17.521,1,0.0395,86.06,4,0.352
Cool; Cool Water (Instrumental Insert),The Beach Boys,Pop/Rock,Q4,0.902,0.565,0.203,0.0,2,0.115,-13.656,1,0.0332,93.213,4,0.408
Sleep; Baby; Sleep,Lefty Frizzell,Children's; Country,Q4,0.917,0.0,0.00832,1.0,7,0.111,-26.712,1,0.0,0.0,0,0.0
Get Up While You Can,Atari Teenage Riot,Electronic,Q2,0.028,0.264,0.995,0.868,5,0.402,-2.293,1,0.0796,104.242,4,0.0238
Blood on the Motorway,DJ Shadow,Electronic; Rap,Q4,0.0872,0.348,0.57,0.625,9,0.0927,-11.02,0,0.0393,115.833,4,0.0671
My Home Is a Prison,Lonesome Sundown,Pop/Rock; R&B; Blues,Q3,0.394,0.245,0.531,1.53e-05,9,0.266,-11.252,1,0.0424,66.936,4,0.503
Way Beyond,Morcheeba,Electronic; Pop/Rock,Q4,0.0528,0.553,0.669,0.0885,7,0.168,-9.018,1,0.0282,80.995,4,0.277
I Saw Her Standing There,Paul McCartney,Pop/Rock,Q1,0.0682,0.305,0.97,2.38e-06,4,0.982,-3.107,1,0.0881,158.172,4,0.835
Sweet Georgie Fame,Blossom Dearie,Jazz; Vocal; Easy Listening,Q4,0.913,0.53,0.157,1.08e-05,2,0.535,-19.734,1,0.157,121.438,3,0.541
Some People,Ethel Merman,Stage & Screen,Q1,0.147,0.886,0.829,0.0155,5,0.0872,-6.954,1,0.0725,123.796,4,0.791
Black; Brown and White,Big Bill Broonzy,Blues,Q4,0.011,0.31,0.7,0.00965,9,0.0828,-5.678,1,0.047,188.386,4,0.763
The Heart and the Bones,Peter Brötzmann,Jazz,Q2,0.664,0.43,0.593,0.465,1,0.768,-17.25,0,0.0731,118.637,4,0.339
Steppin' Out With My Baby,Fred Astaire,Stage & Screen; Vocal,Q1,0.967,0.737,0.208,0.336,0,0.106,-16.975,0,0.238,90.297,4,0.709
Shut Up,The Black Eyed Peas,Rap; Pop/Rock,Q1,0.34,0.745,0.498,0.0,2,0.0993,-10.989,0,0.247,112.976,4,0.494
Every Beat of My Heart,Gladys Knight & the Pips,R&B,Q4,0.812,0.338,0.362,2.52e-05,0,0.229,-13.103,1,0.0323,173.985,3,0.425
Harbor Lights,Billy Ward,R&B,Q3,0.952,0.319,0.392,0.00115,2,0.158,-8.626,1,0.0567,176.839,3,0.317
Peer Pressure,Corrupted Morals,Pop/Rock,Q2,0.0581,0.405,0.906,0.0,4,0.359,-3.718,1,0.0423,126.868,5,0.546
Homenaje a Ellington,Chucho Valdés,Latin; Vocal,Q4,0.439,0.565,0.656,0.875,0,0.129,-10.855,1,0.0582,112.435,4,0.642
The Christmas Song,David Banner,Rap,Q2,0.0137,0.614,0.75,0.0,7,0.727,-5.234,1,0.228,174.138,4,0.411
Almeno Stavolta,Nek,Pop/Rock,Q1,0.00355,0.636,0.76,2.68e-06,2,0.123,-6.701,0,0.0287,149.924,4,0.536
Silent Night,The Louvin Brothers,Country; Religious,Q4,0.947,0.473,0.19,0.0,0,0.191,-11.765,1,0.0259,93.614,3,0.265
Gospel Way,The Louvin Brothers,Country,Q4,0.902,0.707,0.402,5e-05,2,0.342,-13.006,1,0.0316,126.498,4,0.783
Naughty Girl,Beyoncé,Pop/Rock; R&B,Q1,0.237,0.588,0.461,1.54e-05,6,0.0913,-8.686,0,0.161,200.053,4,0.659
Guys and Dolls,Sammy Davis; Jr.,Jazz; Vocal; Stage & Screen; Pop/Rock,Q1,0.126,0.503,0.279,0.000864,0,0.105,-16.074,1,0.0354,107.574,4,0.766
Scarborough Fair,Sergio Mendes,Pop/Rock; Latin; International,Q4,0.155,0.683,0.378,0.0162,0,0.0701,-17.45,0,0.0266,110.408,4,0.846
You Always Hur the One You Love,The Mills Brothers,Vocal,Q3,0.939,0.516,0.081,2.48e-05,7,0.367,-18.345,0,0.0602,138.69,4,0.352
Lord Have Mercy,Beanie Sigel,Rap,Q4,0.019,0.614,0.563,0.0,5,0.168,-8.418,0,0.0752,84.925,4,0.255
Warlord,The Penetrators,Pop/Rock,Q2,0.0223,0.642,0.985,4.15e-05,8,0.663,-3.926,0,0.0831,127.225,4,0.807
Sitting in Limbo,Willie Nelson,Pop/Rock; Reggae; Country,Q4,0.57,0.691,0.655,0.00213,5,0.203,-7.362,1,0.0446,168.036,4,0.963
Peace and Love Dub,Augustus Pablo,Reggae,Q4,0.0755,0.68,0.498,0.893,8,0.0739,-10.564,1,0.103,134.058,4,0.291
Wait a Minute,The Pussycat Dolls,Electronic; Pop/Rock; R&B,Q1,0.0496,0.867,0.854,2.73e-05,8,0.323,-5.211,1,0.0478,136.446,4,0.972
Heart of Mine,Will Downing,R&B,Q4,0.0493,0.665,0.425,6.07e-05,10,0.121,-10.557,0,0.0266,93.995,4,0.519
Take This Ring,Toni Braxton,Pop/Rock; R&B,Q1,0.00551,0.469,0.961,6.4e-05,1,0.264,-4.37,1,0.317,189.144,4,0.513
Trill Recognize Trill,Bun B,Rap,Q2,0.0053,0.445,0.915,0.0,11,0.325,-2.628,0,0.418,71.023,4,0.445
I Didn't Mean to Turn You On,Robert Palmer,Pop/Rock; R&B,Q1,0.0937,0.68,0.485,0.696,5,0.255,-15.589,0,0.053,120.657,4,0.967
Blue Christmas,The Jordanaires,Holiday; Pop/Rock,Q3,0.726,0.617,0.483,0.000312,4,0.107,-8.942,1,0.026,101.058,4,0.633
Heartz of Men,2Pac,Rap,Q2,0.00288,0.777,0.77,0.00019,6,0.334,-6.081,1,0.156,92.527,4,0.576
America Loves Gangsters,CunninLynguists,Rap,Q3,0.617,0.63,0.43,0.12,1,0.348,-8.36,1,0.128,92.938,4,0.0745
Kill or Be Killed,B.G.,Rap,Q3,0.291,0.698,0.754,0.0,10,0.162,-4.658,1,0.247,76.028,4,0.301
Sacramento & Polk,Alejandro Escovedo,Pop/Rock; Country,Q2,0.893,0.466,0.176,0.908,10,0.114,-19.604,1,0.0415,108.965,4,0.0906
Leader,Sick of It All,Pop/Rock,Q2,1.46e-05,0.368,0.996,0.37,7,0.173,-3.41,0,0.178,119.242,4,0.17
Gangree,Ministry,Pop/Rock,Q2,0.000268,0.441,0.796,0.132,8,0.0871,-5.855,0,0.0522,176.028,3,0.75
Candela,Don Omar,Latin; Rap; Electronic; International; Pop/Rock,Q2,0.106,0.686,0.919,0.000499,8,0.335,-2.453,0,0.0829,160.052,4,0.813
Toucher l'Instant,Grand Corps Malade,Rap,Q3,0.746,0.494,0.577,0.0,5,0.108,-11.218,0,0.145,144.664,3,0.476
Too Darn Hot,Ella Fitzgerald,Jazz; Vocal,Q1,0.435,0.693,0.217,0.0,7,0.0707,-13.72,0,0.0593,80.577,4,0.822
O Christmas Tree (O Tannenbaum),The Chipmunks,Comedy/Spoken; Holiday,Q4,0.828,0.296,0.226,0.0337,3,0.105,-10.066,1,0.0293,73.938,4,0.3
So Simple,Stacie Orrico,Pop/Rock; Religious,Q1,0.189,0.644,0.758,0.0,1,0.618,-3.794,1,0.0625,91.873,4,0.863
Billie's Blues,Holiday & the Adventure Pop Collective,Jazz; Vocal,Q3,0.975,0.55,0.447,0.806,1,0.82,-12.403,1,0.0773,80.978,4,0.484
Nie Wieder,Sido,Rap,Q3,0.0442,0.782,0.774,0.0,4,0.297,-4.325,1,0.34,90.018,4,0.364
'A' Bomb in Wardour Street,The Jam,Pop/Rock,Q2,0.00901,0.639,0.781,0.000107,4,0.151,-10.676,1,0.0545,154.4,4,0.881
Mama of Mine,2XL,Rap,Q3,0.146,0.703,0.736,0.0,6,0.101,-6.062,1,0.199,147.348,4,0.541
Rivers of Babylon,Don Carlos,Reggae,Q3,0.167,0.787,0.346,0.000147,11,0.0815,-16.845,0,0.0533,97.871,4,0.71
I'm So Lonesome; I Could Cry,Hank Williams,Country,Q3,0.202,0.39,0.357,0.0,1,0.105,-6.338,0,0.0272,99.489,3,0.167
Love It When You Call,The Feeling,Pop/Rock,Q1,0.00754,0.668,0.759,0.0,0,0.0667,-7.352,1,0.0276,117.007,4,0.961
Duas Lágrimas de Orvalho,Mariza,International; Folk,Q3,0.936,0.606,0.0668,1.31e-05,0,0.103,-11.207,0,0.0663,84.065,4,0.326
Brazil,The Coasters,Pop/Rock; R&B,Q1,0.73,0.639,0.428,2.04e-06,5,0.114,-11.583,0,0.0445,146.38,4,0.797
A Woman Just Like You,Curtis Stigers,Pop/Rock; Jazz; Easy Listening,Q4,0.652,0.861,0.253,0.00618,1,0.1,-16.566,1,0.0424,106.219,4,0.625
Not Counting You,Garth Brooks,Country,Q1,0.00494,0.527,0.411,1.51e-06,4,0.141,-17.037,1,0.0517,161.014,4,0.943
Pussyole (Old Skool),Dizzee Rascal,Electronic,Q2,0.0579,0.732,0.812,0.0,9,0.31,-4.056,1,0.132,113.043,4,0.76
Murkin Season,Plies,Rap,Q2,0.00888,0.679,0.73,0.0,9,0.221,-5.116,1,0.165,80.997,4,0.553
Silent Night,Paul Potts,Classical; Pop/Rock,Q4,0.923,0.297,0.211,0.0,7,0.122,-10.704,1,0.0337,145.362,5,0.207
O Holy Night,Paul Potts,Classical; Pop/Rock,Q4,0.814,0.207,0.398,0.00719,3,0.111,-6.168,1,0.0322,71.932,3,0.12
Santa Baby,Boney James,Easy Listening; Jazz; New Age; Holiday,Q4,0.718,0.592,0.375,2.35e-05,1,0.0962,-10.127,1,0.0801,71.818,4,0.404
Loco de Amor,Hombres G,Latin; Pop/Rock,Q1,0.0587,0.558,0.723,9.25e-05,0,0.0727,-5.102,1,0.0353,163.783,4,0.807
Somethings,Gang Green,Pop/Rock,Q2,0.000241,0.169,0.881,0.0853,4,0.1,-3.553,0,0.0607,170.987,4,0.703
How We Feel,Chingy,Rap,Q4,0.0194,0.729,0.801,0.0,7,0.154,-5.875,0,0.275,163.162,4,0.63
Liebe Will Alles,Udo Jürgens,Vocal; Pop/Rock,Q1,0.0238,0.575,0.921,7.93e-06,1,0.147,-4.538,1,0.0518,135.053,4,0.383
See You Again,Miley Cyrus,Pop/Rock; Stage & Screen,Q1,0.015,0.692,0.911,7.71e-05,9,0.112,-5.098,0,0.177,138.975,4,0.8
Sex Education,Lloyd,R&B,Q1,0.0337,0.664,0.553,8.64e-06,2,0.0917,-6.355,1,0.0445,72.527,4,0.452
La Vie Qui Va,Charles Trénet,Pop/Rock; Vocal,Q1,0.812,0.662,0.41,0.0,0,0.176,-10.41,1,0.0593,81.645,4,0.766
Skeleton,Lila Downs,Latin; Pop/Rock; International,Q1,0.273,0.634,0.733,1.68e-05,9,0.332,-6.095,0,0.0691,114.025,4,0.556
Undo It,Carrie Underwood,Country; Pop/Rock,Q1,0.11,0.476,0.84,0.0,2,0.046,-2.259,1,0.058,156.254,4,0.648
Why'd You Do It; Baby?,Louis Jordan,Jazz,Q3,0.586,0.644,0.549,9.88e-05,5,0.328,-6.642,1,0.0282,80.577,4,0.478
Ugly,Sevendust,Pop/Rock,Q2,0.000359,0.216,0.934,0.00827,6,0.14,-5.302,1,0.0848,99.03,4,0.201
Feelings,Il Divo,Classical; Easy Listening; Pop/Rock; Vocal,Q4,0.445,0.357,0.563,2.1e-06,6,0.103,-8.173,0,0.0414,73.002,4,0.15
St. Louis Blues,Benny Carter,Jazz; Blues,Q3,0.879,0.431,0.185,0.451,5,0.694,-17.752,1,0.0439,135.109,4,0.325
I Believe,Third Day,Religious,Q1,0.013,0.325,0.821,0.0,9,0.169,-5.39,1,0.0411,187.985,4,0.605
Me and Jesus,Tom T. Hall,Country; Pop/Rock,Q4,0.836,0.55,0.508,3.69e-05,7,0.397,-14.588,1,0.0327,150.975,4,0.896
She Suits Me to a Tee,Buddy Guy,Blues,Q1,0.612,0.651,0.591,5.72e-06,5,0.18,-12.255,1,0.0394,111.075,4,0.946
Janie Is a Nazi,Sloppy Seconds,Pop/Rock,Q2,0.0295,0.528,0.965,5.06e-06,3,0.108,-6.442,1,0.0631,151.65,4,0.889
Faking Love,T.G. Sheppard,Country,Q3,0.496,0.532,0.366,0.000275,4,0.345,-12.665,0,0.0376,75.346,4,0.211
Lead Song,Negative Approach,Pop/Rock,Q2,0.0327,0.265,0.902,0.876,9,0.378,-10.619,0,0.155,158.561,4,0.683
All We Got,Michael McDonald,Electronic,Q1,0.101,0.783,0.866,0.00106,5,0.051,-9.95,0,0.0452,120.554,4,0.876
Open up the Back Door,Hank Ballard,Pop/Rock; R&B,Q1,0.81,0.598,0.889,0.00532,4,0.282,-4.046,1,0.0666,104.385,4,0.457
Bell Tower,Kitaro,New Age,Q4,0.974,0.195,0.287,0.937,9,0.0882,-12.862,1,0.0489,191.859,3,0.254
Tico-Tico,Xavier Cugat & His Orchestra,Latin; Easy Listening; Jazz,Q1,0.782,0.606,0.549,0.441,9,0.342,-11.6,0,0.0429,96.881,4,0.966
Que Rico el Mambo,Pérez Prado,Jazz; Latin,Q1,0.73,0.722,0.626,0.149,5,0.0847,-9.513,1,0.114,106.917,4,0.666
Night and Day,Ella Fitzgerald,Jazz; Vocal,Q4,0.742,0.442,0.202,0.0,8,0.0641,-14.624,1,0.0501,116.909,4,0.406
Peak Performance,Steven Halpern,New Age; Comedy/Spoken; International; Electronic,Q4,0.962,0.239,0.107,0.871,0,0.118,-25.725,1,0.0454,76.974,4,0.153
Nailed to the Gun,Fight,Electronic; Pop/Rock,Q2,0.00217,0.469,0.984,0.282,2,0.327,-3.645,1,0.0856,91.748,4,0.231
Mind Seduction,Disharmonic Orchestra,Pop/Rock; Electronic,Q2,8.02e-05,0.107,0.806,0.727,10,0.107,-13.218,0,0.0769,170.92,4,0.256
Cranked up Really High,Slaughter & the Dogs,Pop/Rock,Q2,4.83e-05,0.141,0.759,0.0244,11,0.301,-8.299,0,0.0473,182.171,4,0.764
Invitation,Jaco Pastorius,Jazz; Vocal,Q1,0.00229,0.304,0.568,0.678,11,0.673,-15.024,0,0.0862,169.227,4,0.372
Love of My Life,Jim Brickman,New Age,Q4,0.953,0.362,0.219,0.768,0,0.0961,-11.735,1,0.0298,133.468,4,0.126
Lady Soul,The Temptations,R&B,Q4,0.156,0.84,0.443,0.000235,1,0.059,-11.655,1,0.0393,114.008,4,0.906
Early Mornin',Britney Spears,Pop/Rock,Q1,0.014,0.719,0.67,0.0579,4,0.0968,-5.206,0,0.0829,94.965,4,0.678
Eastern Standard Time,The Skatalites,Reggae,Q1,0.618,0.816,0.523,0.411,0,0.0681,-9.937,1,0.0586,125.723,4,0.949
I Can't Give You Anything But Love,Oscar Peterson,Jazz; Vocal,Q4,0.942,0.438,0.224,0.935,6,0.102,-19.86,1,0.066,203.771,4,0.542
Eternally,Steven Halpern,New Age; Comedy/Spoken; Electronic,Q4,0.984,0.113,0.0556,0.9,0,0.113,-24.476,1,0.0391,69.813,3,0.0354
Don't Rain on My Parade,Barbra Streisand,Stage & Screen; Vocal; Pop/Rock,Q1,0.817,0.456,0.675,0.0,11,0.974,-7.84,0,0.337,119.706,4,0.321
Tore Up,Cro-Mags,Pop/Rock,Q2,1.26e-05,0.334,0.998,2.12e-05,6,0.433,-3.103,0,0.254,183.757,4,0.354
Simple Man; Simple Dream,Linda Ronstadt,Country; Pop/Rock,Q3,0.0366,0.422,0.752,0.000119,6,0.129,-8.682,1,0.0449,120.471,4,0.403
In the Beginning,Kitaro,Avant-Garde; Electronic; New Age,Q4,0.532,0.316,0.221,0.675,4,0.0965,-14.537,1,0.035,82.856,4,0.0374
Reptile,Dimmu Borgir,Pop/Rock,Q2,0.000134,0.171,0.922,0.0161,7,0.125,-5.986,0,0.087,122.672,3,0.0991
More Than a Girl,Lyfe Jennings,R&B,Q4,0.169,0.493,0.774,0.0,6,0.34,-7.16,0,0.376,82.984,4,0.643
Hercules,Elton John,Pop/Rock,Q1,0.0797,0.562,0.783,0.00174,0,0.083,-7.377,1,0.0322,147.714,4,0.73
Under the Canopy,David Arkenstone,New Age; Stage & Screen,Q4,0.412,0.281,0.651,0.917,2,0.119,-13.668,0,0.0418,82.019,4,0.487
Nobody Gets Out Alive!,Alec Empire,Electronic,Q2,0.000103,0.364,0.952,0.801,10,0.366,-9.203,0,0.0831,176.99,4,0.2
Omotepe,Joe Strummer,Reggae,Q4,0.545,0.766,0.37,0.718,7,0.0578,-16.898,1,0.0557,98.426,4,0.658
Get Raped,Eater,Pop/Rock,Q2,0.00378,0.371,0.885,5.42e-06,0,0.122,-6.792,1,0.0615,99.446,4,0.217
Untrue Blues,Blind Boy Fuller,Blues,Q3,0.96,0.599,0.238,0.00921,10,0.118,-16.497,1,0.0757,81.125,4,0.702
El Temperamento,Marquess,Pop/Rock; Latin,Q1,0.0791,0.736,0.679,0.0,2,0.18,-7.08,1,0.0513,102.012,4,0.94
Creation,Peter Tosh,Reggae,Q4,0.149,0.188,0.682,0.0116,0,0.114,-10.68,1,0.159,80.495,4,0.31
Love Is...,Common,Rap,Q4,0.313,0.749,0.383,0.0,3,0.311,-12.722,0,0.394,90.13,4,0.698
Sand and Foam,Donovan,Folk; Pop/Rock,Q4,0.536,0.578,0.231,5.61e-05,3,0.106,-15.93,0,0.0391,78.349,4,0.124
This Is Madness,The Last Poets,Comedy/Spoken; Rap,Q2,0.74,0.581,0.554,0.0,10,0.0836,-14.361,1,0.361,136.592,4,0.884
So Fucked Up,Sloppy Seconds,Pop/Rock,Q2,0.00108,0.169,0.875,0.0215,0,0.627,-5.341,0,0.0654,199.603,4,0.73
Forgotten,Gorilla Biscuits,Pop/Rock,Q2,0.000237,0.332,0.981,0.000131,2,0.112,-4.749,1,0.139,107.24,4,0.101
Poor Boy Blues,Doc Watson,Country; Blues; Folk; International,Q4,0.762,0.541,0.505,0.00106,2,0.697,-10.776,1,0.0349,112.846,4,0.863
Mississippi Blues No. 2,Stefan Grossman,Blues; International; Jazz,Q4,0.911,0.604,0.215,0.916,9,0.0981,-13.423,1,0.0476,82.827,4,0.554
Danke Schoen,Wayne Newton,Pop/Rock; Vocal,Q4,0.803,0.39,0.46,0.0,9,0.102,-8.711,0,0.0455,147.335,4,0.694
The Thoughts of Mary Jane,Nick Drake,Folk; Pop/Rock; Children's,Q4,0.687,0.437,0.321,0.669,3,0.164,-15.441,1,0.0319,122.786,4,0.389
The Facts of Life,Black Box Recorder,Pop/Rock,Q3,0.00151,0.619,0.508,1.27e-05,8,0.084,-10.014,1,0.0332,139.012,4,0.235
Do What You Do,Scarface,Rap,Q3,0.247,0.725,0.311,9.1e-05,10,0.114,-14.721,0,0.365,78.962,4,0.463
Northern Lights,Kenny G,Easy Listening; Jazz; Pop/Rock,Q4,0.648,0.578,0.319,0.676,5,0.0865,-13.928,1,0.0369,92.821,4,0.331
In the Flow,Steven Halpern,Electronic; New Age; Avant-Garde,Q4,0.991,0.257,0.253,0.932,9,0.1,-15.912,1,0.0525,76.327,3,0.0372
I've Been Working,Van Morrison,Blues; R&B,Q1,0.102,0.406,0.86,0.53,2,0.232,-11.103,1,0.048,104.676,4,0.758
Midnight Creeper,Elton John,Pop/Rock; Electronic; R&B,Q1,0.0464,0.672,0.862,0.0012,4,0.176,-6.488,1,0.0492,136.288,4,0.847
Age of Loneliness,Enigma,Electronic; New Age,Q4,0.0246,0.523,0.659,0.39,4,0.333,-12.884,0,0.0447,92.991,4,0.226
Common Thread,Bobby McFerrin,Children's; Jazz,Q4,0.949,0.125,0.0874,0.126,1,0.0979,-19.878,1,0.0336,53.564,4,0.0543
Waterfall,Steven Halpern,Electronic; New Age; Avant-Garde,Q4,0.989,0.214,0.0155,0.929,6,0.109,-26.248,1,0.0359,70.194,4,0.0333
Look What You Done for Me,Al Green,R&B,Q1,0.371,0.604,0.568,3.18e-06,10,0.182,-8.555,1,0.0447,95.672,4,0.818
Death Letter Blues,Ida Cox,Blues; Jazz,Q3,0.996,0.477,0.2,0.958,10,0.186,-13.731,0,0.0307,85.928,4,0.522
Inner Journey,Steven Halpern,New Age; Comedy/Spoken; Electronic,Q4,0.98,0.211,0.00938,0.942,5,0.0905,-28.98,0,0.0526,76.822,3,0.0365
Crystal Suite,Steven Halpern,New Age; Comedy/Spoken; Electronic,Q4,0.988,0.175,0.00302,0.967,7,0.316,-34.982,1,0.0511,75.115,3,0.0348
Terra,Caetano Veloso,International; Latin,Q4,0.652,0.549,0.296,0.000692,0,0.112,-11.566,1,0.0337,121.292,4,0.189
Un Puesto Vacante,Eddie Palmieri,Jazz; Latin,Q1,0.399,0.491,0.879,0.0989,0,0.229,-3.318,1,0.036,115.278,4,0.886
Grit,Fudge Tunnel,Pop/Rock,Q2,4.25e-05,0.141,0.99,0.731,0,0.298,-5.015,1,0.0582,159.053,4,0.651
Five Long Years,Junior Parker,Blues; R&B,Q3,0.864,0.504,0.0854,0.00349,2,0.238,-20.356,1,0.0736,152.774,3,0.218
Rock 'N' Roll Outlaw,Rose Tattoo,Pop/Rock; Electronic,Q1,0.151,0.533,0.772,0.468,4,0.27,-11.588,1,0.0312,93.057,4,0.617
Satanic Blues,Bud Freeman,Jazz,Q1,0.929,0.647,0.799,0.362,5,0.377,-8.508,1,0.108,94.819,4,0.893
Feuer,Jan Delay,Pop/Rock; Rap; Reggae,Q1,0.0162,0.721,0.641,9.62e-06,9,0.0908,-4.285,0,0.0359,137.162,4,0.621
Bandstand Boogie,Barry Manilow,Pop/Rock,Q1,0.552,0.63,0.791,0.0,4,0.0787,-9.121,1,0.0836,91.917,4,0.763
When Will They Learn,Angelic Upstarts,Pop/Rock,Q2,0.00322,0.38,0.917,0.0034,2,0.299,-7.847,1,0.098,98.294,4,0.335
Push Up on Me,Monrose,Pop/Rock,Q1,0.0328,0.705,0.903,0.0,4,0.569,-6.523,0,0.105,110.039,4,0.806
Incantations; Pt. 3,Mike Oldfield,Classical; Electronic,Q1,0.537,0.275,0.345,0.963,5,0.581,-31.355,1,0.474,119.077,5,0.0379
The Holly and the Ivy,George Winston,New Age; Holiday,Q4,0.989,0.396,0.388,0.844,8,0.12,-16.672,1,0.0368,151.211,3,0.311
Let Me,Rihanna,Pop/Rock; R&B; Reggae,Q1,0.0541,0.753,0.771,0.000304,5,0.133,-5.833,0,0.145,108.022,4,0.743
What Am I Gonna Do,Bobby Bare,Country,Q3,0.72,0.698,0.463,0.0,2,0.277,-9.675,1,0.029,143.822,4,0.908
Next Door,Anthony B,Reggae,Q3,0.686,0.784,0.398,0.329,7,0.346,-12.599,1,0.0357,105.024,4,0.619
Empathy,Sneaker Pimps,Electronic,Q3,0.675,0.408,0.498,0.0121,0,0.0924,-12.483,1,0.0392,150.231,3,0.113
Allegiance,Proletariat,Pop/Rock,Q2,0.0019,0.366,0.893,0.000163,9,0.151,-8.585,0,0.245,161.526,4,0.879
You Ruined It,Battery Cage,Electronic; Pop/Rock,Q2,2.08e-06,0.334,0.937,0.631,2,0.0892,-9.71,1,0.0413,160.011,4,0.677
Horn Island,Martin Simpson,Folk; Country,Q4,0.971,0.644,0.589,0.666,2,0.125,-8.696,0,0.0329,117.099,4,0.818
While the Music Plays On,Les Brown,Jazz; Vocal,Q3,0.989,0.551,0.0847,0.222,10,0.423,-14.554,0,0.0315,96.588,4,0.23
Dawn,Steven Halpern,New Age; Comedy/Spoken; Electronic,Q4,0.988,0.302,0.0329,0.863,9,0.103,-25.336,1,0.0572,70.729,4,0.106
Luna de Fuego,Gipsy Kings,International; Jazz,Q1,0.806,0.482,0.599,0.838,2,0.154,-14.586,1,0.0311,101.718,4,0.906
You Brought a New Kind of Love to Me,Peggy Lee,Jazz; Vocal,Q4,0.976,0.735,0.0618,6.1e-06,0,0.116,-14.23,1,0.0427,99.251,4,0.454
That Old Black Magic,Sam Butera & the Witnesses,Blues; Jazz; Vocal,Q1,0.185,0.663,0.345,2.9e-06,0,0.206,-13.496,1,0.178,124.101,4,0.799
Foggy Mountain Chimes,Flatt & Scruggs,Country,Q1,0.601,0.402,0.684,0.582,8,0.318,-8.978,1,0.0308,150.077,4,0.975
Moment's Pause,Steven Halpern,Electronic; New Age; Avant-Garde,Q4,0.991,0.342,0.0789,0.831,6,0.106,-20.822,1,0.0448,100.675,1,0.0566
Break Me; Shake Me,Enrique Iglesias,Pop/Rock; Electronic,Q1,0.223,0.789,0.72,0.0,8,0.129,-5.652,0,0.218,122.031,4,0.664
Maple Leaf Rag,Scott Joplin,Jazz,Q1,0.991,0.406,0.226,0.882,8,0.245,-22.866,1,0.0477,116.267,4,0.937
Little Saint Nick's Drive In,The Beach Boys,Holiday; Pop/Rock,Q1,0.314,0.554,0.496,1.36e-06,5,0.0571,-11.142,1,0.0887,151.103,4,0.841
Everybody Loves a Nut,Johnny Cash,Country; Comedy/Spoken,Q4,0.62,0.674,0.6,0.0134,7,0.126,-10.139,1,0.0349,91.238,4,0.872
Don't Download This Song,Weird Al Yankovic,Comedy/Spoken; Pop/Rock,Q4,0.539,0.55,0.376,0.0,7,0.0738,-11.53,1,0.0278,75.375,4,0.465
Sloppy Drunk Blues,Big Joe Williams,Blues,Q3,0.872,0.703,0.29,0.0156,3,0.0776,-14.38,1,0.0891,105.155,4,0.68
So Jah Say,Dennis Brown,Reggae,Q4,0.163,0.675,0.713,0.0,0,0.251,-6.37,1,0.0647,132.213,4,0.881
Million Dollar Secret,Helen Humes,Jazz; Vocal,Q4,0.801,0.648,0.0671,0.0,6,0.279,-19.176,1,0.107,103.692,4,0.53
What Kind of Fool (Do You Think I Am),The Tams,R&B,Q4,0.375,0.712,0.314,6.93e-06,1,0.132,-13.961,1,0.0732,116.901,4,0.522
Pachelbel's Canon,Steven Halpern,New Age; Comedy/Spoken; Electronic,Q4,0.952,0.077,0.0784,0.982,0,0.0608,-26.295,1,0.0329,78.697,4,0.0345
Radiance,Steven Halpern,Comedy/Spoken; New Age; Electronic,Q4,0.976,0.134,0.116,0.982,5,0.0849,-19.698,0,0.0383,68.027,3,0.0335
God Loves a Drunk,Richard Thompson,Pop/Rock,Q3,0.55,0.432,0.0386,0.0,11,0.105,-22.089,1,0.0414,100.859,3,0.142
Spirit Voices,Paul Simon,International; Pop/Rock; Folk,Q4,0.874,0.629,0.394,0.00162,0,0.102,-14.765,1,0.0315,107.905,4,0.815
Golpe de Estado,Daddy Yankee,Latin; Electronic,Q2,0.171,0.911,0.834,0.0,9,0.283,-5.443,0,0.245,95.022,4,0.721
How Sweet It Is (To Be Loved by You),Junior Walker & the All-Stars,R&B; Pop/Rock,Q1,0.724,0.611,0.645,0.0,1,0.715,-8.254,1,0.0634,125.156,4,0.748
Teenage Warning,Angelic Upstarts,Pop/Rock,Q2,0.00581,0.19,0.963,0.0,7,0.114,-4.493,1,0.148,174.412,4,0.296
Comfort Zone; Pt. 1,Steven Halpern,Electronic; New Age; Avant-Garde,Q4,0.953,0.183,0.0373,0.868,9,0.0842,-31.435,1,0.0377,136.403,1,0.236
I Don't Stand a Ghost of a Chance With You,Sonny Stitt,Jazz,Q3,0.935,0.572,0.224,0.813,0,0.1,-15.152,1,0.064,82.727,4,0.291
Let the Computer Decide,Paul Gilbert,Pop/Rock,Q2,0.000272,0.253,0.931,0.705,7,0.058,-4.938,1,0.131,142.122,4,0.527
Brother Harold Dee,Porter Wagoner,Country,Q3,0.606,0.547,0.392,0.000213,9,0.0973,-10.133,1,0.0854,77.786,3,0.47
In Sufferance,Disincarnate,Pop/Rock,Q2,2.18e-05,0.135,0.948,0.0985,9,0.107,-7.038,1,0.116,86.785,4,0.128
Peroxide,Subhumans,Pop/Rock,Q2,0.0111,0.332,0.948,0.00219,9,0.0966,-11.208,1,0.0778,151.314,4,0.516
Dynamite,Taio Cruz,Pop/Rock,Q1,0.00332,0.754,0.804,0.0,4,0.0329,-3.177,1,0.0853,119.968,4,0.818
Read,Product,Rap,Q3,0.00036,0.723,0.348,0.871,8,0.0408,-14.648,1,0.343,84.996,4,0.874
